year,district,total_cereal_production
1980,TAPLEJUNG,6477.894044741516
1980,PANCHTHAR,4481.7297817263525
1980,ILAM,4191.506397106812
1980,JHAPA,4498.242956415464
1980,MORANG,5915.402117702074
1980,SUNSARI,5328.7511096596845
1980,DHANKUTA,4470.239796232961
1980,TERHATHUM,5513.267433113356
1980,SANKHUWASABHA,5097.0775493480405
1980,BHOJPUR,5968.644990532889
1980,SOLUKHUMBU,4297.946906122647
1980,OKHALDHUNGA,4672.337853402232
1980,KHOTANG,4607.891846867842
1980,UDAYAPUR,3536.4850518678813
1980,SAPTARI,5296.120277064576
1980,SIRAHA,5261.0552721798895
1980,DHANUSHA,5005.113456642461
1980,MAHOTTARI,4765.412866624853
1980,SARLAHI,3584.6292579495857
1980,SINDHULI,4579.354677234641
1980,RAMECHHAP,4657.285483473231
1980,DOLAKHA,4197.722730778381
1980,SINDHUPALCHOK,4838.714288333991
1980,KABHREPALANCHOK,5404.050856814539
1980,LALITPUR,6886.185901210531
1980,BHAKTAPUR,5174.577812831839
1980,KATHMANDU,5257.550390722764
1980,NUWAKOT,4925.554084233832
1980,RASUWA,3081.2287847009584
1980,DHADING,4973.486124550783
1980,MAKAWANPUR,5060.230209941026
1980,RAUTAHAT,7463.242112485286
1980,BARA,4807.639035218877
1980,PARSA,5301.5473423336125
1980,CHITAWAN,4965.288230294756
1980,GORKHA,3831.321962380468
1980,LAMJUNG,6142.822814515021
1980,TANAHU,5751.933032686774
1980,SYANGJA,5791.031947043047
1980,KASKI,4090.612545205261
1980,MANANG,6402.7943109360995
1980,MUSTANG,3598.1489372077194
1980,MYAGDI,5586.85709380027
1980,PARBAT,7190.455625809978
1980,BAGLUNG,4009.4636748693115
1980,GULMI,4433.702270397228
1980,PALPA,5099.651365087641
1980,NAWALPARASI_W,4496.5243458838
1980,RUPANDEHI,3449.336568933867
1980,KAPILBASTU,5068.562974806027
1980,ARGHAKHANCHI,3937.696286273895
1980,PYUTHAN,5473.592430635182
1980,ROLPA,4080.575765766197
1980,RUKUM_W,6549.93440501754
1980,SALYAN,4216.746707663763
1980,DANG,4677.938483794324
1980,BANKE,5813.51721736967
1980,BARDIYA,3769.1356835660445
1980,SURKHET,5227.45993460413
1980,DAILEKH,6307.142754282428
1980,JAJARKOT,3392.5167654387724
1980,DOLPA,5184.633858532305
1980,JUMLA,5259.882794248423
1980,KALIKOT,5781.822871777311
1980,MUGU,3763.0492891219183
1980,HUMLA,3679.5433869157237
1980,BAJURA,5521.941565616898
1980,BAJHANG,5296.984673233186
1980,ACHHAM,5250.492850345877
1980,DOTI,5346.448209496975
1980,KAILALI,4319.975278421509
1980,KANCHANPUR,5232.253697161003
1980,DADELDHURA,5293.072473298681
1980,BAITADI,4285.648581973632
1980,DARCHULA,6865.774511144757
1980,NAWALPARASI_E,5473.832920911787
1980,RUKUM_E,3808.696502797351
1981,TAPLEJUNG,5656.55360863383
1981,PANCHTHAR,4025.3183297726787
1981,ILAM,5787.084603742452
1981,JHAPA,6158.595579007404
1981,MORANG,4179.317681648289
1981,SUNSARI,5963.376129244321
1981,DHANKUTA,5412.780926936498
1981,TERHATHUM,5822.06015999449
1981,SANKHUWASABHA,6896.792982653948
1981,BHOJPUR,4754.61188399713
1981,SOLUKHUMBU,4246.2638356425105
1981,OKHALDHUNGA,4110.485570374477
1981,KHOTANG,4184.189715034561
1981,UDAYAPUR,4922.898290585896
1981,SAPTARI,5341.151974816644
1981,SIRAHA,5276.690799330019
1981,DHANUSHA,5827.183249036024
1981,MAHOTTARI,5013.001891877907
1981,SARLAHI,6453.534077157317
1981,SINDHULI,4735.343166762044
1981,RAMECHHAP,7720.169166589619
1981,DOLAKHA,5625.6673477650065
1981,SINDHUPALCHOK,4142.842443583718
1981,KABHREPALANCHOK,3929.1075019388877
1981,LALITPUR,5482.472415243185
1981,BHAKTAPUR,4776.537214674149
1981,KATHMANDU,5714.000494092092
1981,NUWAKOT,5473.237624573545
1981,RASUWA,4927.1710873431275
1981,DHADING,4153.206281931595
1981,MAKAWANPUR,3485.1527753141354
1981,RAUTAHAT,4553.485047932979
1981,BARA,5856.398794323472
1981,PARSA,5214.093744130204
1981,CHITAWAN,3754.261221288012
1981,GORKHA,5173.180925851182
1981,LAMJUNG,5385.317379728836
1981,TANAHU,4116.142563798867
1981,SYANGJA,5153.7251059455275
1981,KASKI,5058.208718446
1981,MANANG,3857.029702169377
1981,MUSTANG,5357.787360348283
1981,MYAGDI,5560.784526368235
1981,PARBAT,6083.051243175277
1981,BAGLUNG,6053.802052034903
1981,GULMI,3622.330632042909
1981,PALPA,4062.174960084877
1981,NAWALPARASI_W,5515.03526720866
1981,RUPANDEHI,5513.785950912209
1981,KAPILBASTU,5515.047686306048
1981,ARGHAKHANCHI,8852.731490654722
1981,PYUTHAN,5570.890510693167
1981,ROLPA,6135.565640180599
1981,RUKUM_W,5954.001763493203
1981,SALYAN,5651.3912513057985
1981,DANG,4684.730755359655
1981,BANKE,5758.969220493267
1981,BARDIYA,4227.174785462428
1981,SURKHET,4763.181393259991
1981,DAILEKH,4514.6364521708965
1981,JAJARKOT,5081.874139386323
1981,DOLPA,7314.658566673508
1981,JUMLA,3132.734807408252
1981,KALIKOT,5686.2601903745135
1981,MUGU,3387.284128810348
1981,HUMLA,4528.068134210566
1981,BAJURA,6088.950596967366
1981,BAJHANG,5064.280019095463
1981,ACHHAM,3922.255222070694
1981,DOTI,4284.696290740032
1981,KAILALI,5679.597748934676
1981,KANCHANPUR,4269.633368282864
1981,DADELDHURA,5216.458589581975
1981,BAITADI,5045.571839903814
1981,DARCHULA,4348.399652394183
1981,NAWALPARASI_E,7143.944089325326
1981,RUKUM_E,5633.919022318011
1982,TAPLEJUNG,2974.8574133423926
1982,PANCHTHAR,5186.454314769428
1982,ILAM,4338.213535231612
1982,JHAPA,5852.433334796224
1982,MORANG,4207.4792615673
1982,SUNSARI,4885.263558533101
1982,DHANKUTA,5504.987278980457
1982,TERHATHUM,5865.755194170121
1982,SANKHUWASABHA,3799.7035929442236
1982,BHOJPUR,4665.4987641590515
1982,SOLUKHUMBU,4525.054688839044
1982,OKHALDHUNGA,4346.670767426288
1982,KHOTANG,6765.454240281097
1982,UDAYAPUR,5404.981710960956
1982,SAPTARI,3739.116045664955
1982,SIRAHA,5917.8619470547765
1982,DHANUSHA,7122.156197012633
1982,MAHOTTARI,6032.465260551147
1982,SARLAHI,3480.6300340459866
1982,SINDHULI,4515.765927133749
1982,RAMECHHAP,6266.911149186622
1982,DOLAKHA,4292.330534381219
1982,SINDHUPALCHOK,5443.819428146228
1982,KABHREPALANCHOK,5774.634053429337
1982,LALITPUR,4073.0695284219173
1982,BHAKTAPUR,4940.4746439382
1982,KATHMANDU,1758.7326599309276
1982,NUWAKOT,3975.6123586657104
1982,RASUWA,4747.43184860684
1982,DHADING,3752.2168180351505
1982,MAKAWANPUR,6632.411303931635
1982,RAUTAHAT,3569.858622039367
1982,BARA,4559.955513303016
1982,PARSA,5130.740577286091
1982,CHITAWAN,6441.2732890661155
1982,GORKHA,3564.1378488205605
1982,LAMJUNG,6163.16375215496
1982,TANAHU,5010.233061019587
1982,SYANGJA,4018.491348952049
1982,KASKI,5462.103474263271
1982,MANANG,5199.05969557347
1982,MUSTANG,4399.783122841205
1982,MYAGDI,5069.802084990019
1982,PARBAT,4614.68640313824
1982,BAGLUNG,5113.517345251248
1982,GULMI,5662.130674521047
1982,PALPA,6586.016816145352
1982,NAWALPARASI_W,3762.184501173151
1982,RUPANDEHI,7133.0333746562665
1982,KAPILBASTU,3047.912200477498
1982,ARGHAKHANCHI,4848.214904964417
1982,PYUTHAN,5588.317206484577
1982,ROLPA,5280.991867735032
1982,RUKUM_W,4377.300480179406
1982,SALYAN,4791.877749642725
1982,DANG,4506.999065341167
1982,BANKE,4410.635243055788
1982,BARDIYA,5849.602097021025
1982,SURKHET,5357.015485965047
1982,DAILEKH,4307.090404739346
1982,JAJARKOT,5899.59987543325
1982,DOLPA,5307.29952087661
1982,JUMLA,5812.86211883896
1982,KALIKOT,5629.6288419236125
1982,MUGU,4171.004989077927
1982,HUMLA,4439.81895980303
1982,BAJURA,5747.293605123262
1982,BAJHANG,5610.370265433465
1982,ACHHAM,4979.098406035851
1982,DOTI,5117.327383308782
1982,KAILALI,6277.6648957884245
1982,KANCHANPUR,4408.42861116417
1982,DADELDHURA,5547.097381170038
1982,BAITADI,4797.807347566106
1982,DARCHULA,4782.31879677278
1982,NAWALPARASI_E,6098.77685198719
1982,RUKUM_E,5825.41634898803
1983,TAPLEJUNG,5813.509636000638
1983,PANCHTHAR,6305.478807154329
1983,ILAM,5021.003841632759
1983,JHAPA,5681.952971294964
1983,MORANG,4689.733243406544
1983,SUNSARI,5324.1663524884425
1983,DHANKUTA,4869.856945632316
1983,TERHATHUM,5096.995964992718
1983,SANKHUWASABHA,5595.1570254369135
1983,BHOJPUR,4181.779316766528
1983,SOLUKHUMBU,7092.38727568546
1983,OKHALDHUNGA,3993.982618500298
1983,KHOTANG,3785.8113872122676
1983,UDAYAPUR,6158.110873500068
1983,SAPTARI,5791.662693962936
1983,SIRAHA,5624.119817052155
1983,DHANUSHA,5628.34550926428
1983,MAHOTTARI,4987.753227153085
1983,SARLAHI,4102.745628514169
1983,SINDHULI,5075.804558193727
1983,RAMECHHAP,4322.838288487888
1983,DOLAKHA,5975.119733417751
1983,SINDHUPALCHOK,4852.942618497861
1983,KABHREPALANCHOK,4174.502803207489
1983,LALITPUR,4678.614158347006
1983,BHAKTAPUR,5412.931454275625
1983,KATHMANDU,4436.275447196025
1983,NUWAKOT,4177.779604433568
1983,RASUWA,5243.687211491912
1983,DHADING,5244.966571108723
1983,MAKAWANPUR,4493.05682462887
1983,RAUTAHAT,4528.961694381677
1983,BARA,5232.049937357637
1983,PARSA,3551.915658502676
1983,CHITAWAN,3592.536225623445
1983,GORKHA,4281.555778747564
1983,LAMJUNG,4786.552848288153
1983,TANAHU,5310.907565598005
1983,SYANGJA,6475.356216949552
1983,KASKI,5857.659623202019
1983,MANANG,4840.061470036573
1983,MUSTANG,4980.983792097311
1983,MYAGDI,3997.4706353621914
1983,PARBAT,4981.48686400761
1983,BAGLUNG,4711.341361079862
1983,GULMI,5322.718560338089
1983,PALPA,4172.769056447677
1983,NAWALPARASI_W,5519.346514241172
1983,RUPANDEHI,6532.738913002578
1983,KAPILBASTU,4891.239851543142
1983,ARGHAKHANCHI,5401.711722098941
1983,PYUTHAN,5690.143991711113
1983,ROLPA,4598.779528114163
1983,RUKUM_W,5224.092481810417
1983,SALYAN,5012.592400781795
1983,DANG,5097.676098548832
1983,BANKE,4226.990216144533
1983,BARDIYA,5024.510174258943
1983,SURKHET,5497.99829124545
1983,DAILEKH,6451.143607795042
1983,JAJARKOT,5959.270826085207
1983,DOLPA,7153.182457511557
1983,JUMLA,4232.65243711195
1983,KALIKOT,5872.3206367206785
1983,MUGU,5183.342005738352
1983,HUMLA,7189.802933217672
1983,BAJURA,4191.701714644849
1983,BAJHANG,4160.278157819224
1983,ACHHAM,4400.6073545559775
1983,DOTI,2876.104275690193
1983,KAILALI,4474.244978319239
1983,KANCHANPUR,4240.867338446302
1983,DADELDHURA,5150.393786476207
1983,BAITADI,5341.75597577716
1983,DARCHULA,6876.170839215886
1983,NAWALPARASI_E,5950.4238381860505
1983,RUKUM_E,4423.096344337597
1984,TAPLEJUNG,4101.585328651642
1984,PANCHTHAR,5491.919171506505
1984,ILAM,3679.766792979358
1984,JHAPA,6831.458765854353
1984,MORANG,6179.440120721287
1984,SUNSARI,4530.824347895295
1984,DHANKUTA,3286.8654709091225
1984,TERHATHUM,6353.872374165413
1984,SANKHUWASABHA,4885.460154747382
1984,BHOJPUR,6237.816311973462
1984,SOLUKHUMBU,3405.572341205633
1984,OKHALDHUNGA,4400.624977046227
1984,KHOTANG,5005.243699718183
1984,UDAYAPUR,5046.9805937647425
1984,SAPTARI,4549.934528520756
1984,SIRAHA,5622.849932347499
1984,DHANUSHA,3932.3795706174055
1984,MAHOTTARI,4857.6205149787065
1984,SARLAHI,5120.295631711899
1984,SINDHULI,5514.438834058749
1984,RAMECHHAP,5711.61487808889
1984,DOLAKHA,3875.357908162131
1984,SINDHUPALCHOK,3465.8858292643777
1984,KABHREPALANCHOK,6277.676821898509
1984,LALITPUR,5332.314011979592
1984,BHAKTAPUR,4251.513463443446
1984,KATHMANDU,6551.151975522523
1984,NUWAKOT,5115.674634292859
1984,RASUWA,6179.2971840638265
1984,DHADING,5067.5184814101085
1984,MAKAWANPUR,7060.747924881987
1984,RAUTAHAT,6755.340842443205
1984,BARA,4751.035851520926
1984,PARSA,5971.570950954356
1984,CHITAWAN,5645.375949585147
1984,GORKHA,6368.631557532349
1984,LAMJUNG,4035.0765394198957
1984,TANAHU,5686.051459998439
1984,SYANGJA,6058.424486849588
1984,KASKI,3241.2605135768854
1984,MANANG,3816.741487334225
1984,MUSTANG,2960.7678222398995
1984,MYAGDI,4730.593165555442
1984,PARBAT,5717.542255795963
1984,BAGLUNG,6502.357052096028
1984,GULMI,5074.094780419775
1984,PALPA,6628.615545571292
1984,NAWALPARASI_W,3619.8985417851086
1984,RUPANDEHI,3296.617560644845
1984,KAPILBASTU,4944.452301103382
1984,ARGHAKHANCHI,5384.065448939307
1984,PYUTHAN,4967.3052519059065
1984,ROLPA,2932.5578999601235
1984,RUKUM_W,4910.879960487212
1984,SALYAN,3695.5304994951466
1984,DANG,5669.672548830038
1984,BANKE,5366.598246096848
1984,BARDIYA,4060.1202136726447
1984,SURKHET,4486.133082663307
1984,DAILEKH,3940.7864781110484
1984,JAJARKOT,4937.3209027268285
1984,DOLPA,5955.142320501238
1984,JUMLA,4014.2739536644563
1984,KALIKOT,5504.046515517844
1984,MUGU,4469.74238162756
1984,HUMLA,4207.127167737655
1984,BAJURA,4892.969640045442
1984,BAJHANG,3964.757677580626
1984,ACHHAM,4446.350694652818
1984,DOTI,3802.122107411152
1984,KAILALI,6964.725132916389
1984,KANCHANPUR,5035.263551971729
1984,DADELDHURA,4300.274492007415
1984,BAITADI,5213.979910734222
1984,DARCHULA,4887.67195030917
1984,NAWALPARASI_E,4779.030400466777
1984,RUKUM_E,5614.166700043425
1985,TAPLEJUNG,5757.507710047305
1985,PANCHTHAR,4469.498852389473
1985,ILAM,4424.18175935532
1985,JHAPA,4724.9483028483555
1985,MORANG,2698.0788352644154
1985,SUNSARI,3484.8089378014474
1985,DHANKUTA,6366.874267444525
1985,TERHATHUM,6644.9677135012835
1985,SANKHUWASABHA,4750.9639604436215
1985,BHOJPUR,5576.556963055767
1985,SOLUKHUMBU,5311.250154543536
1985,OKHALDHUNGA,8078.880808455238
1985,KHOTANG,6119.574911434576
1985,UDAYAPUR,4872.0824085192335
1985,SAPTARI,4044.459559399574
1985,SIRAHA,3393.5536797424274
1985,DHANUSHA,5203.463635867223
1985,MAHOTTARI,4243.649254715697
1985,SARLAHI,3577.746290402326
1985,SINDHULI,4353.427115757473
1985,RAMECHHAP,3918.451996385605
1985,DOLAKHA,6687.141635072565
1985,SINDHUPALCHOK,5881.63975694945
1985,KABHREPALANCHOK,4992.027358683383
1985,LALITPUR,6479.944138890026
1985,BHAKTAPUR,5077.368307647618
1985,KATHMANDU,4138.715798671737
1985,NUWAKOT,6523.124077269657
1985,RASUWA,5538.910043684658
1985,DHADING,3962.7538456735438
1985,MAKAWANPUR,4809.661321916392
1985,RAUTAHAT,4124.381746615243
1985,BARA,3617.200269035664
1985,PARSA,5926.177547531642
1985,CHITAWAN,6909.41664047013
1985,GORKHA,3601.432426180859
1985,LAMJUNG,5562.969236690571
1985,TANAHU,4349.357430878174
1985,SYANGJA,4512.874616235304
1985,KASKI,4407.60607576113
1985,MANANG,4136.009230320184
1985,MUSTANG,5048.521627944827
1985,MYAGDI,4169.049883588962
1985,PARBAT,5270.456825779839
1985,BAGLUNG,4949.761890550863
1985,GULMI,4761.05195313359
1985,PALPA,4092.436337958402
1985,NAWALPARASI_W,4423.228669431667
1985,RUPANDEHI,5755.391225825756
1985,KAPILBASTU,5500.917187624381
1985,ARGHAKHANCHI,4022.444755201449
1985,PYUTHAN,5099.332305429226
1985,ROLPA,5751.387123371789
1985,RUKUM_W,3330.5947188786286
1985,SALYAN,5543.360192379935
1985,DANG,4337.376241054153
1985,BANKE,5570.598668593159
1985,BARDIYA,4236.740843457483
1985,SURKHET,3195.117899335481
1985,DAILEKH,3372.4575621168374
1985,JAJARKOT,5048.084946661382
1985,DOLPA,5259.722501721482
1985,JUMLA,4095.6833748955914
1985,KALIKOT,5638.592458777374
1985,MUGU,3338.47993773104
1985,HUMLA,4933.920201352684
1985,BAJURA,3788.9838002375436
1985,BAJHANG,4348.163892197841
1985,ACHHAM,5047.398671316414
1985,DOTI,4139.586634716047
1985,KAILALI,4615.4444557701745
1985,KANCHANPUR,6006.29280921444
1985,DADELDHURA,4423.108130476851
1985,BAITADI,5835.692112065142
1985,DARCHULA,3870.2931453423816
1985,NAWALPARASI_E,5529.804177915283
1985,RUKUM_E,6441.5686206579
1986,TAPLEJUNG,2528.355499872711
1986,PANCHTHAR,4203.1047445295235
1986,ILAM,5577.07212718054
1986,JHAPA,4796.9546139570075
1986,MORANG,5371.145873371309
1986,SUNSARI,4396.01481328418
1986,DHANKUTA,5086.5897874729
1986,TERHATHUM,4844.32276460792
1986,SANKHUWASABHA,6167.782061659807
1986,BHOJPUR,5254.420843301213
1986,SOLUKHUMBU,5337.602662075202
1986,OKHALDHUNGA,4588.123033877533
1986,KHOTANG,4512.393775927507
1986,UDAYAPUR,4567.441812180379
1986,SAPTARI,5394.452142378297
1986,SIRAHA,4579.015519179737
1986,DHANUSHA,5289.7748568964125
1986,MAHOTTARI,7075.400798645439
1986,SARLAHI,5871.124703431692
1986,SINDHULI,4673.976467832159
1986,RAMECHHAP,6201.2139221639445
1986,DOLAKHA,4591.924626978449
1986,SINDHUPALCHOK,2961.875464822146
1986,KABHREPALANCHOK,3991.9136890825957
1986,LALITPUR,3129.2080789741444
1986,BHAKTAPUR,4648.486515958692
1986,KATHMANDU,5018.418379189552
1986,NUWAKOT,6676.437312275282
1986,RASUWA,5326.927373764162
1986,DHADING,4780.8994711911355
1986,MAKAWANPUR,5829.40558118349
1986,RAUTAHAT,2788.864690992115
1986,BARA,5235.614558108566
1986,PARSA,5770.865193886967
1986,CHITAWAN,3521.4137542201584
1986,GORKHA,6143.754043206929
1986,LAMJUNG,5338.496407494415
1986,TANAHU,4584.712086099199
1986,SYANGJA,5632.781866106285
1986,KASKI,7270.692857804395
1986,MANANG,5181.866255058495
1986,MUSTANG,5248.220586300336
1986,MYAGDI,4540.639100459756
1986,PARBAT,4150.155630535208
1986,BAGLUNG,5830.335816544246
1986,GULMI,4143.916174091133
1986,PALPA,5071.566237219393
1986,NAWALPARASI_W,4522.342553234883
1986,RUPANDEHI,5478.979825746392
1986,KAPILBASTU,5333.662105286949
1986,ARGHAKHANCHI,6037.539944257899
1986,PYUTHAN,4489.983601145253
1986,ROLPA,4730.125064706629
1986,RUKUM_W,4021.2362842176926
1986,SALYAN,4555.706739923889
1986,DANG,5377.300493044852
1986,BANKE,5756.988616645352
1986,BARDIYA,4077.8346758223747
1986,SURKHET,5869.6059201056605
1986,DAILEKH,6355.637858804951
1986,JAJARKOT,5413.4349032237005
1986,DOLPA,6876.795812558066
1986,JUMLA,4226.210800896427
1986,KALIKOT,3755.345296688583
1986,MUGU,3221.2797510957216
1986,HUMLA,6496.044311489183
1986,BAJURA,5654.365656354058
1986,BAJHANG,4944.415329089545
1986,ACHHAM,5279.96862631982
1986,DOTI,3874.5109527016234
1986,KAILALI,7445.751979616826
1986,KANCHANPUR,5129.221181975227
1986,DADELDHURA,5109.394794604893
1986,BAITADI,5725.766623898692
1986,DARCHULA,5481.009231736713
1986,NAWALPARASI_E,5223.884024279131
1986,RUKUM_E,4209.525544554688
1987,TAPLEJUNG,5471.468357135996
1987,PANCHTHAR,6882.024496475034
1987,ILAM,6345.420046154977
1987,JHAPA,6593.186626639397
1987,MORANG,4488.784323568815
1987,SUNSARI,4010.3951797414193
1987,DHANKUTA,4874.213079900352
1987,TERHATHUM,5055.724912288694
1987,SANKHUWASABHA,6094.191518470949
1987,BHOJPUR,3307.5353702851808
1987,SOLUKHUMBU,6529.5503194606135
1987,OKHALDHUNGA,4841.99210142101
1987,KHOTANG,4573.11893005258
1987,UDAYAPUR,3987.895624739833
1987,SAPTARI,3345.1433281342306
1987,SIRAHA,5823.170583961914
1987,DHANUSHA,5073.317967188404
1987,MAHOTTARI,3710.039100258946
1987,SARLAHI,3704.9212279363837
1987,SINDHULI,4664.215300709871
1987,RAMECHHAP,6669.021525289393
1987,DOLAKHA,4740.408648636395
1987,SINDHUPALCHOK,3496.857046881894
1987,KABHREPALANCHOK,4754.256935914055
1987,LALITPUR,4727.276430252329
1987,BHAKTAPUR,2303.1133570584284
1987,KATHMANDU,4945.705133482188
1987,NUWAKOT,4769.065469791322
1987,RASUWA,5696.206364813418
1987,DHADING,6848.956094945345
1987,MAKAWANPUR,6126.565029547757
1987,RAUTAHAT,4731.111309445169
1987,BARA,3893.4740912583297
1987,PARSA,7573.35980324986
1987,CHITAWAN,5059.218434014489
1987,GORKHA,5013.929291912947
1987,LAMJUNG,4975.874912889996
1987,TANAHU,5198.084760767855
1987,SYANGJA,4855.639588076057
1987,KASKI,4426.337993119763
1987,MANANG,4453.141058759607
1987,MUSTANG,4967.246729784001
1987,MYAGDI,4456.575228866235
1987,PARBAT,4287.154217322835
1987,BAGLUNG,5106.430227691897
1987,GULMI,4745.022782579144
1987,PALPA,6503.992988582689
1987,NAWALPARASI_W,2349.030191606988
1987,RUPANDEHI,6091.5068519224615
1987,KAPILBASTU,6246.085192497629
1987,ARGHAKHANCHI,2926.6097675918504
1987,PYUTHAN,4657.312405919652
1987,ROLPA,4628.559134004208
1987,RUKUM_W,3592.4883052821788
1987,SALYAN,4222.1833124091245
1987,DANG,3889.424154534171
1987,BANKE,6752.270443423623
1987,BARDIYA,5935.678393147461
1987,SURKHET,6271.555094994159
1987,DAILEKH,5721.672064043235
1987,JAJARKOT,3870.9482287827705
1987,DOLPA,4475.479733720226
1987,JUMLA,5489.374561227918
1987,KALIKOT,3777.8721911080547
1987,MUGU,5712.998430172388
1987,HUMLA,4759.674601841865
1987,BAJURA,4625.179192450402
1987,BAJHANG,5710.959968203491
1987,ACHHAM,5444.26331148604
1987,DOTI,4639.03383418092
1987,KAILALI,6159.329803364248
1987,KANCHANPUR,3918.936672400103
1987,DADELDHURA,5615.935606944264
1987,BAITADI,5593.101257968384
1987,DARCHULA,4690.45356068601
1987,NAWALPARASI_E,5326.133022242118
1987,RUKUM_E,3748.8864236146974
1988,TAPLEJUNG,5924.027019206901
1988,PANCHTHAR,4815.097863557011
1988,ILAM,4477.27697948096
1988,JHAPA,6049.0092258368895
1988,MORANG,4295.656309457241
1988,SUNSARI,3591.53870363644
1988,DHANKUTA,3443.370826476096
1988,TERHATHUM,5606.00995134564
1988,SANKHUWASABHA,3719.570647503717
1988,BHOJPUR,6754.7941819843645
1988,SOLUKHUMBU,2918.070592116278
1988,OKHALDHUNGA,6696.456368290038
1988,KHOTANG,5211.017467202619
1988,UDAYAPUR,4903.286888129607
1988,SAPTARI,4455.08091319105
1988,SIRAHA,5399.136114352071
1988,DHANUSHA,4962.365297575152
1988,MAHOTTARI,6103.301882016522
1988,SARLAHI,5114.227648662039
1988,SINDHULI,5150.3017614618775
1988,RAMECHHAP,4636.387787786144
1988,DOLAKHA,4943.054376278933
1988,SINDHUPALCHOK,5307.801768892059
1988,KABHREPALANCHOK,3289.8316073433743
1988,LALITPUR,3651.814577894287
1988,BHAKTAPUR,5743.264094022715
1988,KATHMANDU,5170.865438127942
1988,NUWAKOT,4816.0166636473205
1988,RASUWA,5018.433933065393
1988,DHADING,5347.581705361671
1988,MAKAWANPUR,4460.240319690638
1988,RAUTAHAT,4221.695274597687
1988,BARA,5195.845255097682
1988,PARSA,4021.627222384968
1988,CHITAWAN,5408.252755714472
1988,GORKHA,3297.4163957621595
1988,LAMJUNG,6029.1556373256435
1988,TANAHU,5472.597482413043
1988,SYANGJA,5256.029734313875
1988,KASKI,5982.690983945514
1988,MANANG,6665.474444462577
1988,MUSTANG,6014.370065018131
1988,MYAGDI,3159.125768668355
1988,PARBAT,3720.4230332642983
1988,BAGLUNG,4375.181422304321
1988,GULMI,5026.091050210834
1988,PALPA,5517.659020469123
1988,NAWALPARASI_W,4274.256186846535
1988,RUPANDEHI,5186.766764477078
1988,KAPILBASTU,4244.617067646677
1988,ARGHAKHANCHI,4388.482197008052
1988,PYUTHAN,3593.3389031517777
1988,ROLPA,4076.7667538890955
1988,RUKUM_W,3648.3153943836664
1988,SALYAN,4024.126747022667
1988,DANG,6053.64179660784
1988,BANKE,4050.601111168057
1988,BARDIYA,7632.382064837391
1988,SURKHET,5493.317900880889
1988,DAILEKH,5184.836123694874
1988,JAJARKOT,4141.6422198187865
1988,DOLPA,5700.309879408991
1988,JUMLA,4424.362173762226
1988,KALIKOT,5122.009814645361
1988,MUGU,7560.084538268795
1988,HUMLA,4903.94010027535
1988,BAJURA,6149.2733262856755
1988,BAJHANG,4296.823574874113
1988,ACHHAM,4965.011509503039
1988,DOTI,6770.80063563551
1988,KAILALI,4373.032942212232
1988,KANCHANPUR,6812.448557996929
1988,DADELDHURA,5707.751935455475
1988,BAITADI,4437.533224105732
1988,DARCHULA,5632.407739055521
1988,NAWALPARASI_E,5972.55444962673
1988,RUKUM_E,5621.809962217197
1989,TAPLEJUNG,3429.7752801095435
1989,PANCHTHAR,4272.862824175131
1989,ILAM,4752.481364448495
1989,JHAPA,4925.566570899954
1989,MORANG,5620.672097550678
1989,SUNSARI,5177.701000933253
1989,DHANKUTA,3664.655641289899
1989,TERHATHUM,5380.1978510059635
1989,SANKHUWASABHA,5610.585745283823
1989,BHOJPUR,5559.79044793104
1989,SOLUKHUMBU,6080.780725554621
1989,OKHALDHUNGA,5833.922154548904
1989,KHOTANG,5459.180079228437
1989,UDAYAPUR,4929.834288541353
1989,SAPTARI,3339.039066484009
1989,SIRAHA,5429.618219132586
1989,DHANUSHA,5207.687687163111
1989,MAHOTTARI,5271.578837195373
1989,SARLAHI,3723.2514241796907
1989,SINDHULI,3918.9434595917373
1989,RAMECHHAP,6053.152853332904
1989,DOLAKHA,4960.444846143345
1989,SINDHUPALCHOK,5681.500697372625
1989,KABHREPALANCHOK,5028.318376130461
1989,LALITPUR,5029.756139495746
1989,BHAKTAPUR,5938.283805975998
1989,KATHMANDU,4483.955271782626
1989,NUWAKOT,5096.120776940983
1989,RASUWA,4537.724711294957
1989,DHADING,4565.503772567685
1989,MAKAWANPUR,4690.827876531361
1989,RAUTAHAT,5222.133771633713
1989,BARA,4521.251378336523
1989,PARSA,6255.756125573521
1989,CHITAWAN,4105.392697780496
1989,GORKHA,4813.128355838641
1989,LAMJUNG,4560.268941725825
1989,TANAHU,6446.977884353733
1989,SYANGJA,5196.554776511574
1989,KASKI,6031.844539468635
1989,MANANG,3514.439626963028
1989,MUSTANG,5267.0502658692585
1989,MYAGDI,5889.630795623437
1989,PARBAT,5082.283989275425
1989,BAGLUNG,6065.480375065351
1989,GULMI,4482.711549899628
1989,PALPA,6409.34744018558
1989,NAWALPARASI_W,7298.89812361925
1989,RUPANDEHI,4637.161439560341
1989,KAPILBASTU,4554.497478599228
1989,ARGHAKHANCHI,6453.384477117701
1989,PYUTHAN,6579.572145730713
1989,ROLPA,4477.139972846731
1989,RUKUM_W,4579.813182904143
1989,SALYAN,4718.215391139493
1989,DANG,3655.549488965723
1989,BANKE,4081.348053515802
1989,BARDIYA,3995.859233247932
1989,SURKHET,4232.202434895871
1989,DAILEKH,4965.315112613219
1989,JAJARKOT,5234.21473253652
1989,DOLPA,6550.500492814077
1989,JUMLA,4001.645959261209
1989,KALIKOT,5984.322398476584
1989,MUGU,4786.011155774491
1989,HUMLA,4950.536290347567
1989,BAJURA,5674.819492166604
1989,BAJHANG,3877.2779784377017
1989,ACHHAM,5382.40974618405
1989,DOTI,5166.452208213056
1989,KAILALI,5492.451264008149
1989,KANCHANPUR,5289.1686439078185
1989,DADELDHURA,7455.300139910894
1989,BAITADI,4362.260015748684
1989,DARCHULA,4469.003044998182
1989,NAWALPARASI_E,4376.859473575236
1989,RUKUM_E,4444.522880839745
1990,TAPLEJUNG,4362.612872693482
1990,PANCHTHAR,6189.016531107552
1990,ILAM,6420.504247989855
1990,JHAPA,4429.2537062505235
1990,MORANG,4167.644426895771
1990,SUNSARI,5471.415556386404
1990,DHANKUTA,4447.776955719029
1990,TERHATHUM,5632.931817755511
1990,SANKHUWASABHA,5202.9230208513
1990,BHOJPUR,3484.255885002768
1990,SOLUKHUMBU,6547.505201330062
1990,OKHALDHUNGA,6795.8776730955215
1990,KHOTANG,4387.211309515614
1990,UDAYAPUR,4612.298440064016
1990,SAPTARI,5285.8653907249045
1990,SIRAHA,5334.456789987025
1990,DHANUSHA,5658.544272672831
1990,MAHOTTARI,7010.204538766349
1990,SARLAHI,4823.052772505951
1990,SINDHULI,4201.702755461546
1990,RAMECHHAP,3620.680771985473
1990,DOLAKHA,4269.069960058081
1990,SINDHUPALCHOK,4966.873027126203
1990,KABHREPALANCHOK,6794.557863517788
1990,LALITPUR,4482.388700963828
1990,BHAKTAPUR,5223.787951638898
1990,KATHMANDU,4983.577103927248
1990,NUWAKOT,6188.393273448084
1990,RASUWA,7526.9324258736215
1990,DHADING,4469.131227079679
1990,MAKAWANPUR,4510.560557481778
1990,RAUTAHAT,6044.160877069072
1990,BARA,5681.891489626311
1990,PARSA,6846.707325736033
1990,CHITAWAN,5583.928185325964
1990,GORKHA,4640.707909212941
1990,LAMJUNG,5590.65483069231
1990,TANAHU,6108.703580582907
1990,SYANGJA,5820.482181197364
1990,KASKI,5507.274031107298
1990,MANANG,6066.674689589154
1990,MUSTANG,6169.295590445673
1990,MYAGDI,6382.158991037527
1990,PARBAT,5648.709887589643
1990,BAGLUNG,4832.8819196831455
1990,GULMI,5146.713686433322
1990,PALPA,6206.508966508357
1990,NAWALPARASI_W,4183.064329012764
1990,RUPANDEHI,5368.6733088729015
1990,KAPILBASTU,4606.661187672639
1990,ARGHAKHANCHI,5028.744822934817
1990,PYUTHAN,6278.451862607299
1990,ROLPA,5191.099068019903
1990,RUKUM_W,5046.436548156149
1990,SALYAN,3640.1438590200805
1990,DANG,5746.253566027221
1990,BANKE,5645.484181141075
1990,BARDIYA,7163.25472330546
1990,SURKHET,4692.221765046999
1990,DAILEKH,5219.150327663939
1990,JAJARKOT,5249.383683710756
1990,DOLPA,6577.453279763475
1990,JUMLA,4904.704467613048
1990,KALIKOT,5279.021525770339
1990,MUGU,5607.896509716539
1990,HUMLA,5186.609123156358
1990,BAJURA,4553.566385449471
1990,BAJHANG,5194.089992898307
1990,ACHHAM,6073.631749859772
1990,DOTI,3973.4847005889396
1990,KAILALI,5132.969674146876
1990,KANCHANPUR,4299.879185060827
1990,DADELDHURA,6195.0466289248425
1990,BAITADI,3476.8130952162255
1990,DARCHULA,4441.078152728412
1990,NAWALPARASI_E,5377.21187506452
1990,RUKUM_E,6565.524029234341
1991,TAPLEJUNG,4934.249738927012
1991,PANCHTHAR,4444.800473306802
1991,ILAM,6881.15706944059
1991,JHAPA,3551.986099583756
1991,MORANG,2801.194043379918
1991,SUNSARI,5440.014450053332
1991,DHANKUTA,4497.9457756473885
1991,TERHATHUM,3978.767182869287
1991,SANKHUWASABHA,5708.356447299353
1991,BHOJPUR,5243.800713771199
1991,SOLUKHUMBU,4435.921369263272
1991,OKHALDHUNGA,3719.6956013291056
1991,KHOTANG,5872.457328280145
1991,UDAYAPUR,5650.201177958661
1991,SAPTARI,4900.824136220617
1991,SIRAHA,6846.636996047666
1991,DHANUSHA,3929.9152336738475
1991,MAHOTTARI,3474.4748290752614
1991,SARLAHI,4308.091930118756
1991,SINDHULI,4954.413983644502
1991,RAMECHHAP,5243.3394493226915
1991,DOLAKHA,4758.76394214367
1991,SINDHUPALCHOK,5352.055396514297
1991,KABHREPALANCHOK,3748.460575809556
1991,LALITPUR,6443.76460407326
1991,BHAKTAPUR,4917.848821607431
1991,KATHMANDU,6117.295831588128
1991,NUWAKOT,5342.725346377704
1991,RASUWA,5456.753219153784
1991,DHADING,5569.767280232204
1991,MAKAWANPUR,5447.708560017315
1991,RAUTAHAT,5642.722759867544
1991,BARA,6329.152530132431
1991,PARSA,5196.52116970147
1991,CHITAWAN,5709.003757588513
1991,GORKHA,4910.264305712773
1991,LAMJUNG,6440.1172154494725
1991,TANAHU,4323.60769794073
1991,SYANGJA,6800.940432910816
1991,KASKI,4959.842049355657
1991,MANANG,3569.2248978819516
1991,MUSTANG,5128.104414910789
1991,MYAGDI,4318.948342525119
1991,PARBAT,5840.643548988724
1991,BAGLUNG,4347.376020697609
1991,GULMI,4553.81656678522
1991,PALPA,3110.4592690544687
1991,NAWALPARASI_W,4547.693680750924
1991,RUPANDEHI,2576.1206733710433
1991,KAPILBASTU,3416.0971765142767
1991,ARGHAKHANCHI,5760.414656144298
1991,PYUTHAN,5785.800158650833
1991,ROLPA,5425.457561784965
1991,RUKUM_W,4033.023856870787
1991,SALYAN,4952.28864385802
1991,DANG,4996.397460909431
1991,BANKE,3841.6353108074572
1991,BARDIYA,6503.398301767151
1991,SURKHET,5877.362290575671
1991,DAILEKH,4779.035826170336
1991,JAJARKOT,5026.885838994531
1991,DOLPA,5208.3828079475525
1991,JUMLA,2958.2651315757093
1991,KALIKOT,4752.822617479403
1991,MUGU,4318.015752002201
1991,HUMLA,3998.3799901050843
1991,BAJURA,4718.899707114045
1991,BAJHANG,6797.686526849522
1991,ACHHAM,5640.8428612670095
1991,DOTI,4428.821010217203
1991,KAILALI,5572.582781356158
1991,KANCHANPUR,6399.355436586002
1991,DADELDHURA,5924.633682912769
1991,BAITADI,5059.630369920174
1991,DARCHULA,4353.063222294426
1991,NAWALPARASI_E,5698.22331361359
1991,RUKUM_E,5393.48538542175
1992,TAPLEJUNG,5895.193220027732
1992,PANCHTHAR,5635.17180168197
1992,ILAM,6049.552715319335
1992,JHAPA,4464.764788439432
1992,MORANG,6317.394065634326
1992,SUNSARI,5197.599604692399
1992,DHANKUTA,7075.260872625266
1992,TERHATHUM,4310.812181910433
1992,SANKHUWASABHA,6735.963803165249
1992,BHOJPUR,5197.9107834626475
1992,SOLUKHUMBU,4348.581996385552
1992,OKHALDHUNGA,4516.114165945679
1992,KHOTANG,4679.65269180568
1992,UDAYAPUR,5424.165946401917
1992,SAPTARI,5522.8354880355
1992,SIRAHA,4426.299996061421
1992,DHANUSHA,4975.645407739017
1992,MAHOTTARI,7142.270358611864
1992,SARLAHI,6727.543170100711
1992,SINDHULI,5436.323669674032
1992,RAMECHHAP,5038.003478168201
1992,DOLAKHA,5120.031326718261
1992,SINDHUPALCHOK,5613.517972730417
1992,KABHREPALANCHOK,3977.2074348015944
1992,LALITPUR,4742.623462576655
1992,BHAKTAPUR,3331.4159261224104
1992,KATHMANDU,5399.223122605279
1992,NUWAKOT,5647.195939702741
1992,RASUWA,4516.813537700626
1992,DHADING,6573.986763290033
1992,MAKAWANPUR,3774.234336997659
1992,RAUTAHAT,3535.6251197901797
1992,BARA,5224.451818559972
1992,PARSA,6047.098302612155
1992,CHITAWAN,6683.927691457869
1992,GORKHA,4541.11573713106
1992,LAMJUNG,6078.6808334312955
1992,TANAHU,4961.491530499293
1992,SYANGJA,4827.372700059181
1992,KASKI,5883.659937486673
1992,MANANG,5652.32287841342
1992,MUSTANG,3423.6078430157504
1992,MYAGDI,6476.540349725896
1992,PARBAT,6380.091354147451
1992,BAGLUNG,4374.43729849047
1992,GULMI,5395.803533437409
1992,PALPA,5494.030186282739
1992,NAWALPARASI_W,5260.673765823907
1992,RUPANDEHI,4449.69484615458
1992,KAPILBASTU,4328.376632061949
1992,ARGHAKHANCHI,4974.445929008555
1992,PYUTHAN,6172.729019259365
1992,ROLPA,5543.600154594433
1992,RUKUM_W,4629.385667913894
1992,SALYAN,5771.698710648345
1992,DANG,2151.4573793699246
1992,BANKE,6148.765700372103
1992,BARDIYA,3260.2862212219006
1992,SURKHET,4637.5590585968675
1992,DAILEKH,3880.330105373856
1992,JAJARKOT,3705.318524279094
1992,DOLPA,6160.826787378519
1992,JUMLA,4532.298798688109
1992,KALIKOT,5346.503881730716
1992,MUGU,4953.079421120816
1992,HUMLA,5477.040827223122
1992,BAJURA,5076.821891060255
1992,BAJHANG,3717.0077758114303
1992,ACHHAM,5996.26681944714
1992,DOTI,4506.243416838687
1992,KAILALI,3443.418101340249
1992,KANCHANPUR,4571.884839034087
1992,DADELDHURA,6500.759790634311
1992,BAITADI,5850.221742113493
1992,DARCHULA,4651.347865592141
1992,NAWALPARASI_E,4650.742295681571
1992,RUKUM_E,4678.364948782617
1993,TAPLEJUNG,7076.747983560841
1993,PANCHTHAR,5381.935452231553
1993,ILAM,5430.041647191069
1993,JHAPA,6030.283454031842
1993,MORANG,5238.7891590265135
1993,SUNSARI,4740.957854179297
1993,DHANKUTA,4803.650150915022
1993,TERHATHUM,4928.398740585936
1993,SANKHUWASABHA,4962.777763490159
1993,BHOJPUR,5727.62954363698
1993,SOLUKHUMBU,5051.945885807299
1993,OKHALDHUNGA,5732.640077215579
1993,KHOTANG,4919.283419891418
1993,UDAYAPUR,5078.63519031609
1993,SAPTARI,3001.7993154678925
1993,SIRAHA,5916.327674702481
1993,DHANUSHA,5346.488475897992
1993,MAHOTTARI,5998.010109859652
1993,SARLAHI,2103.7446218063105
1993,SINDHULI,7088.374704780727
1993,RAMECHHAP,4860.410371844826
1993,DOLAKHA,6108.182816737517
1993,SINDHUPALCHOK,3960.094072874469
1993,KABHREPALANCHOK,5612.77390506257
1993,LALITPUR,3946.584436826344
1993,BHAKTAPUR,4376.231039304195
1993,KATHMANDU,6914.031353866786
1993,NUWAKOT,4809.317599236653
1993,RASUWA,5217.432873179723
1993,DHADING,5870.067730688754
1993,MAKAWANPUR,5495.681887972604
1993,RAUTAHAT,5150.418905143576
1993,BARA,5364.961002466225
1993,PARSA,7403.4155852382755
1993,CHITAWAN,4942.381202966415
1993,GORKHA,5201.099046714968
1993,LAMJUNG,6050.654396007612
1993,TANAHU,6105.525932957984
1993,SYANGJA,6187.03030556038
1993,KASKI,5638.730222029185
1993,MANANG,3856.9950872695163
1993,MUSTANG,6633.431532301096
1993,MYAGDI,3853.654606981312
1993,PARBAT,5302.635465239033
1993,BAGLUNG,4245.724149980642
1993,GULMI,4935.861653407008
1993,PALPA,5328.7624103034805
1993,NAWALPARASI_W,5321.357215450273
1993,RUPANDEHI,5421.920754235285
1993,KAPILBASTU,6613.711269058647
1993,ARGHAKHANCHI,5453.53430151398
1993,PYUTHAN,4755.843364709352
1993,ROLPA,5964.087168288357
1993,RUKUM_W,6189.47048892464
1993,SALYAN,3772.3921848630075
1993,DANG,5597.4000698498585
1993,BANKE,5701.172742310899
1993,BARDIYA,4702.436496640008
1993,SURKHET,6375.706813311619
1993,DAILEKH,4849.944412967473
1993,JAJARKOT,5125.576453471543
1993,DOLPA,4826.928175716131
1993,JUMLA,5015.579047581467
1993,KALIKOT,3903.7249131047984
1993,MUGU,3559.9491174057057
1993,HUMLA,6594.505063224972
1993,BAJURA,4153.0386516816725
1993,BAJHANG,4008.6076505436927
1993,ACHHAM,2846.609886396285
1993,DOTI,4361.038252310498
1993,KAILALI,3676.9102065925017
1993,KANCHANPUR,6642.015160136369
1993,DADELDHURA,6009.817089342634
1993,BAITADI,4311.8496548222765
1993,DARCHULA,7252.435805344308
1993,NAWALPARASI_E,5981.765486991594
1993,RUKUM_E,4675.168616491377
1994,TAPLEJUNG,2500.5942851264267
1994,PANCHTHAR,7290.942572590742
1994,ILAM,3610.427533236404
1994,JHAPA,3354.601253043108
1994,MORANG,6022.57043200964
1994,SUNSARI,7439.752406339273
1994,DHANKUTA,6384.272818510518
1994,TERHATHUM,5563.90912005236
1994,SANKHUWASABHA,5594.754341665286
1994,BHOJPUR,5853.415558780308
1994,SOLUKHUMBU,5758.928589786765
1994,OKHALDHUNGA,5281.191423969376
1994,KHOTANG,5104.201103951876
1994,UDAYAPUR,4937.406872100478
1994,SAPTARI,4246.035411133324
1994,SIRAHA,4719.324923133226
1994,DHANUSHA,3307.0431858046145
1994,MAHOTTARI,4901.66037320525
1994,SARLAHI,4011.408892849083
1994,SINDHULI,3896.410682784229
1994,RAMECHHAP,5179.894151153479
1994,DOLAKHA,6392.002286344599
1994,SINDHUPALCHOK,5918.316606002313
1994,KABHREPALANCHOK,3429.499396376823
1994,LALITPUR,4010.3718634296624
1994,BHAKTAPUR,5940.771187988216
1994,KATHMANDU,4017.5126064616907
1994,NUWAKOT,4775.366850002975
1994,RASUWA,5550.052099024552
1994,DHADING,4031.6555451363647
1994,MAKAWANPUR,5105.37550614596
1994,RAUTAHAT,3665.9745050817955
1994,BARA,4398.632356048786
1994,PARSA,5319.781934142537
1994,CHITAWAN,3407.006266468331
1994,GORKHA,5440.474737960399
1994,LAMJUNG,4980.362201073319
1994,TANAHU,5552.489954417148
1994,SYANGJA,5223.914134064661
1994,KASKI,6364.140429973844
1994,MANANG,5125.224502647908
1994,MUSTANG,4570.594458874747
1994,MYAGDI,5122.297503032284
1994,PARBAT,5543.298029036388
1994,BAGLUNG,5048.860070325704
1994,GULMI,5040.591691203882
1994,PALPA,4298.008312193245
1994,NAWALPARASI_W,4337.099082449052
1994,RUPANDEHI,3597.3947282003064
1994,KAPILBASTU,6749.576743186939
1994,ARGHAKHANCHI,3756.1367646087147
1994,PYUTHAN,4307.094802204093
1994,ROLPA,4281.592734430803
1994,RUKUM_W,5894.924376944441
1994,SALYAN,4705.050321707972
1994,DANG,6247.742072673734
1994,BANKE,4326.509375756132
1994,BARDIYA,5278.994162223802
1994,SURKHET,4164.652946740242
1994,DAILEKH,7145.1491277733885
1994,JAJARKOT,3812.401580970487
1994,DOLPA,5309.820710227027
1994,JUMLA,5633.776880932099
1994,KALIKOT,5413.799097451498
1994,MUGU,4814.712341122292
1994,HUMLA,4870.179300266574
1994,BAJURA,5043.811471979109
1994,BAJHANG,4852.997998371511
1994,ACHHAM,5963.879116794909
1994,DOTI,7210.523001591351
1994,KAILALI,4442.508214992166
1994,KANCHANPUR,3630.197020420922
1994,DADELDHURA,4911.717951648745
1994,BAITADI,7579.709337654318
1994,DARCHULA,4196.325432030269
1994,NAWALPARASI_E,6639.116805444068
1994,RUKUM_E,6677.700814076441
1995,TAPLEJUNG,4446.411758292005
1995,PANCHTHAR,5568.9830791852755
1995,ILAM,6628.396623128538
1995,JHAPA,4620.872259012513
1995,MORANG,4796.419639897638
1995,SUNSARI,4418.319086051356
1995,DHANKUTA,3985.2432693071332
1995,TERHATHUM,4350.722454933993
1995,SANKHUWASABHA,3776.059733237744
1995,BHOJPUR,5034.083468259226
1995,SOLUKHUMBU,4230.026768941359
1995,OKHALDHUNGA,5233.785911790747
1995,KHOTANG,3444.1043537963724
1995,UDAYAPUR,5330.8802322144575
1995,SAPTARI,5833.528961608925
1995,SIRAHA,3006.264357428545
1995,DHANUSHA,5374.056569847572
1995,MAHOTTARI,6227.668992473293
1995,SARLAHI,3790.3589813087947
1995,SINDHULI,6672.572386837704
1995,RAMECHHAP,5419.019009366045
1995,DOLAKHA,4294.988144241591
1995,SINDHUPALCHOK,4944.230922342294
1995,KABHREPALANCHOK,5558.326912521722
1995,LALITPUR,5076.005391412412
1995,BHAKTAPUR,5538.755992446369
1995,KATHMANDU,4079.326406920634
1995,NUWAKOT,5169.360824036078
1995,RASUWA,3586.2855030950195
1995,DHADING,4888.773938651299
1995,MAKAWANPUR,4096.09235853521
1995,RAUTAHAT,4264.4700574102335
1995,BARA,6236.093175210437
1995,PARSA,6091.310120594269
1995,CHITAWAN,5609.138120907177
1995,GORKHA,3907.687235327421
1995,LAMJUNG,4683.591550305198
1995,TANAHU,6213.097699979184
1995,SYANGJA,5141.716913639904
1995,KASKI,7319.329539981694
1995,MANANG,5393.317839394372
1995,MUSTANG,5192.049116490031
1995,MYAGDI,4690.883535797499
1995,PARBAT,5133.540904782282
1995,BAGLUNG,4847.530163619456
1995,GULMI,5708.10867668859
1995,PALPA,5956.7023167945845
1995,NAWALPARASI_W,4214.01053949205
1995,RUPANDEHI,3668.7670464422217
1995,KAPILBASTU,3163.7946268967034
1995,ARGHAKHANCHI,5507.991326912544
1995,PYUTHAN,3896.6333938261264
1995,ROLPA,2847.109407047517
1995,RUKUM_W,5388.578604530964
1995,SALYAN,7492.9995174327905
1995,DANG,4993.929088460107
1995,BANKE,5838.490774451642
1995,BARDIYA,5081.829358547565
1995,SURKHET,4901.110346808858
1995,DAILEKH,5919.076482987769
1995,JAJARKOT,4709.725455811349
1995,DOLPA,5267.392314071903
1995,JUMLA,5321.6978061960135
1995,KALIKOT,4331.909546356951
1995,MUGU,5992.042349536523
1995,HUMLA,4825.040243304591
1995,BAJURA,4244.254840507156
1995,BAJHANG,5536.509843570404
1995,ACHHAM,4101.532018208963
1995,DOTI,5028.181157369128
1995,KAILALI,4990.881003355797
1995,KANCHANPUR,6085.895565831578
1995,DADELDHURA,5474.698232879953
1995,BAITADI,4974.973041254856
1995,DARCHULA,5817.766299200287
1995,NAWALPARASI_E,6390.207549017314
1995,RUKUM_E,5557.810306351862
1996,TAPLEJUNG,5010.352619843381
1996,PANCHTHAR,3688.1637676498403
1996,ILAM,3934.8863369246274
1996,JHAPA,4694.775295645332
1996,MORANG,4390.487797840717
1996,SUNSARI,4813.028697014554
1996,DHANKUTA,5056.649924897107
1996,TERHATHUM,5529.692754356731
1996,SANKHUWASABHA,4929.501221940909
1996,BHOJPUR,5486.501643826202
1996,SOLUKHUMBU,5064.47441481012
1996,OKHALDHUNGA,3024.5334336461287
1996,KHOTANG,4060.6646061812457
1996,UDAYAPUR,4855.912444278384
1996,SAPTARI,3790.3052571588923
1996,SIRAHA,5599.928729996204
1996,DHANUSHA,6530.750832343698
1996,MAHOTTARI,6218.761851697316
1996,SARLAHI,4786.557129069792
1996,SINDHULI,6490.726136849952
1996,RAMECHHAP,5148.667457202111
1996,DOLAKHA,4662.914028881961
1996,SINDHUPALCHOK,4386.59733645906
1996,KABHREPALANCHOK,4697.530313511872
1996,LALITPUR,4611.823181458772
1996,BHAKTAPUR,5170.416222375487
1996,KATHMANDU,5160.573981049864
1996,NUWAKOT,5003.046020153414
1996,RASUWA,5436.93816974635
1996,DHADING,6190.646274786342
1996,MAKAWANPUR,5949.5541354413235
1996,RAUTAHAT,3515.1020315500964
1996,BARA,2446.0788650980453
1996,PARSA,5934.319911239274
1996,CHITAWAN,3633.1213015845788
1996,GORKHA,4775.234598107317
1996,LAMJUNG,3829.8869739406405
1996,TANAHU,3198.0195624199805
1996,SYANGJA,5541.462728204788
1996,KASKI,5759.155160302647
1996,MANANG,4423.489599273281
1996,MUSTANG,2408.95770785509
1996,MYAGDI,4453.7555517475175
1996,PARBAT,5391.804005402547
1996,BAGLUNG,3521.0884312258713
1996,GULMI,5183.3599197791555
1996,PALPA,4984.690150827005
1996,NAWALPARASI_W,5579.291499601089
1996,RUPANDEHI,5119.580368414153
1996,KAPILBASTU,4026.9310591184444
1996,ARGHAKHANCHI,6196.571501664492
1996,PYUTHAN,4841.47042697303
1996,ROLPA,4972.695460490068
1996,RUKUM_W,4066.732040926804
1996,SALYAN,4556.71774880849
1996,DANG,4115.1972859730995
1996,BANKE,4827.053940076577
1996,BARDIYA,6711.708480142343
1996,SURKHET,3628.0988570686436
1996,DAILEKH,3386.4386021232585
1996,JAJARKOT,6471.170327493608
1996,DOLPA,4790.676322848134
1996,JUMLA,4330.9272613400835
1996,KALIKOT,6039.904687396076
1996,MUGU,4394.384460263136
1996,HUMLA,6826.009713546936
1996,BAJURA,5677.925871339269
1996,BAJHANG,4512.088591854297
1996,ACHHAM,7157.308213265504
1996,DOTI,4394.285076996662
1996,KAILALI,5742.095372009307
1996,KANCHANPUR,5299.292580406492
1996,DADELDHURA,6301.7412893987985
1996,BAITADI,6561.511196726853
1996,DARCHULA,5032.004149065767
1996,NAWALPARASI_E,4246.582129653816
1996,RUKUM_E,5459.972142939117
1997,TAPLEJUNG,4322.284630247894
1997,PANCHTHAR,7013.3872475266235
1997,ILAM,5136.535331082738
1997,JHAPA,4634.678448687891
1997,MORANG,5184.680305864908
1997,SUNSARI,3652.873710470303
1997,DHANKUTA,4028.3859614893486
1997,TERHATHUM,6200.413907944425
1997,SANKHUWASABHA,4343.105721028604
1997,BHOJPUR,3953.0890173180605
1997,SOLUKHUMBU,5536.652752527286
1997,OKHALDHUNGA,6185.704154662997
1997,KHOTANG,5718.953310665067
1997,UDAYAPUR,5996.047685805816
1997,SAPTARI,4243.204911430539
1997,SIRAHA,3578.1893332581562
1997,DHANUSHA,6501.333651955487
1997,MAHOTTARI,4677.320161157864
1997,SARLAHI,4749.166983544953
1997,SINDHULI,6328.194141849058
1997,RAMECHHAP,5556.23000940066
1997,DOLAKHA,5455.887772081607
1997,SINDHUPALCHOK,7165.002344901084
1997,KABHREPALANCHOK,4356.481769619857
1997,LALITPUR,5927.840128081237
1997,BHAKTAPUR,5057.013124897085
1997,KATHMANDU,5268.592278863257
1997,NUWAKOT,6528.468426412532
1997,RASUWA,5507.8357562896235
1997,DHADING,5538.296079049633
1997,MAKAWANPUR,6072.507337309802
1997,RAUTAHAT,4635.047270457115
1997,BARA,4160.790332660994
1997,PARSA,3955.1908059789666
1997,CHITAWAN,3033.6434106239985
1997,GORKHA,7056.207129940322
1997,LAMJUNG,3896.791634278317
1997,TANAHU,4778.746376414228
1997,SYANGJA,4723.1867001110795
1997,KASKI,5307.4066978091005
1997,MANANG,5815.737212539297
1997,MUSTANG,5860.473488359746
1997,MYAGDI,4416.922561431062
1997,PARBAT,4832.878286213589
1997,BAGLUNG,5282.5799504883
1997,GULMI,4751.308873816453
1997,PALPA,6607.345576019992
1997,NAWALPARASI_W,5490.974951638252
1997,RUPANDEHI,5734.877786049818
1997,KAPILBASTU,5662.881268667413
1997,ARGHAKHANCHI,6173.473857485325
1997,PYUTHAN,5181.021558703707
1997,ROLPA,3703.1680520441532
1997,RUKUM_W,5399.687951752641
1997,SALYAN,4348.643106208171
1997,DANG,4471.383318250243
1997,BANKE,5586.364018755094
1997,BARDIYA,6238.283071433636
1997,SURKHET,5021.271576736061
1997,DAILEKH,5308.833012598964
1997,JAJARKOT,6702.214944635238
1997,DOLPA,5240.753179488568
1997,JUMLA,7601.683114180395
1997,KALIKOT,5565.509645631544
1997,MUGU,3239.2372408441825
1997,HUMLA,5753.341621104532
1997,BAJURA,5381.158384882778
1997,BAJHANG,6289.752754082746
1997,ACHHAM,5673.181351269958
1997,DOTI,4861.544016016226
1997,KAILALI,3775.701763710634
1997,KANCHANPUR,4790.976742713975
1997,DADELDHURA,4149.4795457907
1997,BAITADI,4419.476550195277
1997,DARCHULA,5588.578404420609
1997,NAWALPARASI_E,6669.904504351406
1997,RUKUM_E,5394.671529822981
1998,TAPLEJUNG,3804.1169379648154
1998,PANCHTHAR,5444.602668220141
1998,ILAM,6196.631486645651
1998,JHAPA,4390.217095680618
1998,MORANG,4865.9828333270825
1998,SUNSARI,5014.688194729197
1998,DHANKUTA,4215.10168691776
1998,TERHATHUM,5648.280433843859
1998,SANKHUWASABHA,4879.051851392219
1998,BHOJPUR,5419.532443907028
1998,SOLUKHUMBU,4112.5078221979
1998,OKHALDHUNGA,4562.54169967659
1998,KHOTANG,5722.381357827771
1998,UDAYAPUR,4627.166847908233
1998,SAPTARI,6726.963851233405
1998,SIRAHA,4600.363814385398
1998,DHANUSHA,5224.684725751886
1998,MAHOTTARI,5932.59083187309
1998,SARLAHI,3581.6342670669683
1998,SINDHULI,3239.1911880192242
1998,RAMECHHAP,3474.3436854299052
1998,DOLAKHA,6262.584103427182
1998,SINDHUPALCHOK,4448.141854107554
1998,KABHREPALANCHOK,7558.199285668252
1998,LALITPUR,4435.752401342612
1998,BHAKTAPUR,5184.551303197037
1998,KATHMANDU,6542.109952567876
1998,NUWAKOT,7006.092888159123
1998,RASUWA,7061.503576636398
1998,DHADING,6208.366230593143
1998,MAKAWANPUR,6024.062525811462
1998,RAUTAHAT,5592.526949201183
1998,BARA,5778.361076166638
1998,PARSA,4448.814283671467
1998,CHITAWAN,4181.8011165776925
1998,GORKHA,4996.625542589048
1998,LAMJUNG,4829.815377475072
1998,TANAHU,4546.771950672724
1998,SYANGJA,5696.387447456716
1998,KASKI,5955.30520857051
1998,MANANG,5088.4068862918475
1998,MUSTANG,6477.530081055262
1998,MYAGDI,3858.310885866495
1998,PARBAT,4806.340540720282
1998,BAGLUNG,4283.177679397195
1998,GULMI,3133.46338292694
1998,PALPA,4917.319314157301
1998,NAWALPARASI_W,4878.252491616717
1998,RUPANDEHI,6513.449743242131
1998,KAPILBASTU,5630.8116845547775
1998,ARGHAKHANCHI,3975.8131756707953
1998,PYUTHAN,6854.092566334188
1998,ROLPA,6221.033695525353
1998,RUKUM_W,5582.097703468616
1998,SALYAN,4773.515901150168
1998,DANG,4040.5607632765204
1998,BANKE,4627.793223928947
1998,BARDIYA,6088.748619704186
1998,SURKHET,6884.586305934609
1998,DAILEKH,6543.243528272189
1998,JAJARKOT,4511.150578213726
1998,DOLPA,3880.3825667109886
1998,JUMLA,5140.886246911204
1998,KALIKOT,3231.560634437148
1998,MUGU,5323.167714184781
1998,HUMLA,4852.397413701331
1998,BAJURA,4533.963498131758
1998,BAJHANG,3405.296932733205
1998,ACHHAM,5513.600106569716
1998,DOTI,4467.299160338089
1998,KAILALI,3830.083164289712
1998,KANCHANPUR,2127.737786718351
1998,DADELDHURA,4972.485094949364
1998,BAITADI,6772.251596669744
1998,DARCHULA,6661.25921454787
1998,NAWALPARASI_E,4542.903743413728
1998,RUKUM_E,4397.7879396382195
1999,TAPLEJUNG,5468.774256075024
1999,PANCHTHAR,4001.6145608117085
1999,ILAM,5301.791899819466
1999,JHAPA,5766.08027838469
1999,MORANG,6226.933223884307
1999,SUNSARI,4899.845923520047
1999,DHANKUTA,4796.326249823034
1999,TERHATHUM,4122.017413243439
1999,SANKHUWASABHA,4173.11964596014
1999,BHOJPUR,4773.521108098474
1999,SOLUKHUMBU,5367.365506816178
1999,OKHALDHUNGA,5913.58462623325
1999,KHOTANG,4196.821049319655
1999,UDAYAPUR,6492.688568959522
1999,SAPTARI,4728.876398957431
1999,SIRAHA,4978.632705651564
1999,DHANUSHA,4252.788320852176
1999,MAHOTTARI,2575.7597397270583
1999,SARLAHI,5884.04539636105
1999,SINDHULI,5736.8438970924335
1999,RAMECHHAP,4718.672442881787
1999,DOLAKHA,5066.990717224872
1999,SINDHUPALCHOK,5515.939217704099
1999,KABHREPALANCHOK,3437.4541431134576
1999,LALITPUR,4470.947322653705
1999,BHAKTAPUR,5794.264679621827
1999,KATHMANDU,3745.7105768307506
1999,NUWAKOT,5293.557932166629
1999,RASUWA,3643.4181953765947
1999,DHADING,5466.429982433527
1999,MAKAWANPUR,4964.358517702516
1999,RAUTAHAT,3384.8681840944905
1999,BARA,6164.739354457171
1999,PARSA,4265.40842320195
1999,CHITAWAN,4189.747562985619
1999,GORKHA,5200.569197230943
1999,LAMJUNG,6148.637349428715
1999,TANAHU,3984.178181021603
1999,SYANGJA,5061.679849847972
1999,KASKI,5428.816500330573
1999,MANANG,5693.105607263144
1999,MUSTANG,5176.441555277225
1999,MYAGDI,4632.972160916677
1999,PARBAT,4172.40977935128
1999,BAGLUNG,5086.143883046375
1999,GULMI,3927.860988014393
1999,PALPA,2078.6495165053925
1999,NAWALPARASI_W,5436.559804157668
1999,RUPANDEHI,5903.934841086195
1999,KAPILBASTU,2637.0675644581615
1999,ARGHAKHANCHI,3990.2692952900625
1999,PYUTHAN,5619.154261005197
1999,ROLPA,7057.495469711699
1999,RUKUM_W,5020.793707675408
1999,SALYAN,4271.997058770866
1999,DANG,4817.10355889516
1999,BANKE,6374.876419148185
1999,BARDIYA,4354.035820875464
1999,SURKHET,4200.8079933497465
1999,DAILEKH,4517.256477817968
1999,JAJARKOT,4046.6713917412876
1999,DOLPA,5122.670315994796
1999,JUMLA,6624.678458469561
1999,KALIKOT,5323.079273116029
1999,MUGU,4747.646497873712
1999,HUMLA,4708.188731084456
1999,BAJURA,3436.809191303343
1999,BAJHANG,5883.109777147159
1999,ACHHAM,4922.162802987198
1999,DOTI,4819.520086409374
1999,KAILALI,8193.107567844861
1999,KANCHANPUR,5298.752908365686
1999,DADELDHURA,4248.208949904816
1999,BAITADI,4573.642403794457
1999,DARCHULA,6148.445709196754
1999,NAWALPARASI_E,5113.270410537764
1999,RUKUM_E,3561.7220216826336
2000,TAPLEJUNG,5919.228934575203
2000,PANCHTHAR,4331.855914461006
2000,ILAM,6873.297776217545
2000,JHAPA,6080.048065714649
2000,MORANG,4552.678104341248
2000,SUNSARI,6281.016361735113
2000,DHANKUTA,5067.855510527404
2000,TERHATHUM,5852.773675122219
2000,SANKHUWASABHA,5484.732817294474
2000,BHOJPUR,4153.643345009126
2000,SOLUKHUMBU,4356.450167682538
2000,OKHALDHUNGA,6029.960817581161
2000,KHOTANG,4665.224667893459
2000,UDAYAPUR,4596.351536758003
2000,SAPTARI,4044.877420650647
2000,SIRAHA,5423.599065593461
2000,DHANUSHA,7062.524919243146
2000,MAHOTTARI,3932.467085745727
2000,SARLAHI,5024.2194566727585
2000,SINDHULI,6412.22055541543
2000,RAMECHHAP,4920.358608754284
2000,DOLAKHA,5452.371796249734
2000,SINDHUPALCHOK,3937.60647185312
2000,KABHREPALANCHOK,5428.307097207648
2000,LALITPUR,4812.855734995451
2000,BHAKTAPUR,5985.729995679863
2000,KATHMANDU,6187.386051564751
2000,NUWAKOT,7589.563642018614
2000,RASUWA,5579.633173213576
2000,DHADING,5325.796316582167
2000,MAKAWANPUR,5194.384301577336
2000,RAUTAHAT,4646.833707189312
2000,BARA,5338.483843461691
2000,PARSA,4704.598589860971
2000,CHITAWAN,5168.460976269615
2000,GORKHA,6317.59753560796
2000,LAMJUNG,3993.457434720359
2000,TANAHU,6139.878561129046
2000,SYANGJA,6317.115067339865
2000,KASKI,4881.931473008921
2000,MANANG,2878.1451009914053
2000,MUSTANG,4392.178012905568
2000,MYAGDI,6296.994546561109
2000,PARBAT,4977.131937701118
2000,BAGLUNG,4000.697767705089
2000,GULMI,4495.225078771782
2000,PALPA,5840.620026504553
2000,NAWALPARASI_W,5546.733568201379
2000,RUPANDEHI,4761.067900830306
2000,KAPILBASTU,4633.175588185312
2000,ARGHAKHANCHI,4608.2418509561785
2000,PYUTHAN,4077.5898155014975
2000,ROLPA,6615.375689469442
2000,RUKUM_W,4677.6795307886605
2000,SALYAN,6217.158520825496
2000,DANG,6521.316051922451
2000,BANKE,5998.31089814796
2000,BARDIYA,4568.379687281951
2000,SURKHET,5403.7300903366095
2000,DAILEKH,4975.8043936090835
2000,JAJARKOT,4096.298139269872
2000,DOLPA,5324.359281721603
2000,JUMLA,3820.9602088401975
2000,KALIKOT,6187.679388461564
2000,MUGU,4535.382702701607
2000,HUMLA,5201.15965587284
2000,BAJURA,5283.287871546142
2000,BAJHANG,4741.095026295922
2000,ACHHAM,5586.693801475275
2000,DOTI,4525.096343377476
2000,KAILALI,5871.297297457244
2000,KANCHANPUR,3654.0203197532514
2000,DADELDHURA,5126.379579546412
2000,BAITADI,6938.928999058285
2000,DARCHULA,3999.668675394425
2000,NAWALPARASI_E,4322.255029475148
2000,RUKUM_E,5513.907849658915
2001,TAPLEJUNG,5179.581781939598
2001,PANCHTHAR,5350.63009927356
2001,ILAM,5489.187130147664
2001,JHAPA,5634.72146856177
2001,MORANG,6109.699841956223
2001,SUNSARI,5409.818656928513
2001,DHANKUTA,4758.742345381457
2001,TERHATHUM,5672.573701202731
2001,SANKHUWASABHA,6899.881934895216
2001,BHOJPUR,4867.366253617426
2001,SOLUKHUMBU,4025.4706953293585
2001,OKHALDHUNGA,6107.080669286973
2001,KHOTANG,4879.618836046402
2001,UDAYAPUR,2827.3304539859637
2001,SAPTARI,5847.421677150422
2001,SIRAHA,4464.671814046077
2001,DHANUSHA,4909.466717695839
2001,MAHOTTARI,5331.980330569015
2001,SARLAHI,5190.499679779066
2001,SINDHULI,5709.451817139039
2001,RAMECHHAP,4564.5136294301565
2001,DOLAKHA,5513.105798176082
2001,SINDHUPALCHOK,4740.453322416083
2001,KABHREPALANCHOK,5738.810480887503
2001,LALITPUR,5615.367484013053
2001,BHAKTAPUR,4064.561297955405
2001,KATHMANDU,6085.982116175032
2001,NUWAKOT,4464.036554885952
2001,RASUWA,5808.057798281145
2001,DHADING,5367.287313401341
2001,MAKAWANPUR,6838.183676795123
2001,RAUTAHAT,4776.534017628148
2001,BARA,4650.683203881803
2001,PARSA,4980.580394112268
2001,CHITAWAN,4696.820217165725
2001,GORKHA,5799.94190194205
2001,LAMJUNG,3383.689391563412
2001,TANAHU,3946.317580853646
2001,SYANGJA,3932.197078420807
2001,KASKI,5950.307591973576
2001,MANANG,6710.613372581925
2001,MUSTANG,4895.550781462529
2001,MYAGDI,4831.178276809989
2001,PARBAT,5070.052163113181
2001,BAGLUNG,6161.878302608191
2001,GULMI,4072.646865809426
2001,PALPA,5238.368982734785
2001,NAWALPARASI_W,5975.197629782429
2001,RUPANDEHI,5501.094169939845
2001,KAPILBASTU,5189.5816165987435
2001,ARGHAKHANCHI,6001.046092567141
2001,PYUTHAN,2296.767707000763
2001,ROLPA,5677.875319530907
2001,RUKUM_W,4345.924316872576
2001,SALYAN,3169.3671031435433
2001,DANG,5511.2025995249805
2001,BANKE,6373.658545162958
2001,BARDIYA,4862.551485372308
2001,SURKHET,5952.874547202939
2001,DAILEKH,6612.278257988645
2001,JAJARKOT,6314.914453584048
2001,DOLPA,6639.964529371393
2001,JUMLA,5742.127491071892
2001,KALIKOT,5075.4336389015925
2001,MUGU,3398.0341881028316
2001,HUMLA,4753.937511870052
2001,BAJURA,4156.753404683808
2001,BAJHANG,7170.942717497814
2001,ACHHAM,4824.114187567663
2001,DOTI,5123.204806784485
2001,KAILALI,5551.485376040468
2001,KANCHANPUR,5043.602446372453
2001,DADELDHURA,6695.051040430753
2001,BAITADI,4377.350638265548
2001,DARCHULA,5194.607455237243
2001,NAWALPARASI_E,4257.529414301952
2001,RUKUM_E,3679.977488779294
2002,TAPLEJUNG,4388.230909094715
2002,PANCHTHAR,4962.963202951588
2002,ILAM,4570.69777548274
2002,JHAPA,4307.579020126144
2002,MORANG,3593.682536328166
2002,SUNSARI,4916.894427371305
2002,DHANKUTA,3495.2796259689976
2002,TERHATHUM,5760.055963689602
2002,SANKHUWASABHA,5082.439752934503
2002,BHOJPUR,3542.4485005350693
2002,SOLUKHUMBU,4690.7909229501365
2002,OKHALDHUNGA,4247.843594409417
2002,KHOTANG,5319.1745104191805
2002,UDAYAPUR,6340.450446023145
2002,SAPTARI,3124.8275303542555
2002,SIRAHA,5115.0260791474175
2002,DHANUSHA,4839.86720443336
2002,MAHOTTARI,5671.340076450466
2002,SARLAHI,5213.196628237689
2002,SINDHULI,4248.030668261181
2002,RAMECHHAP,4680.946064333382
2002,DOLAKHA,4203.974143196511
2002,SINDHUPALCHOK,6076.007138598598
2002,KABHREPALANCHOK,5021.311648671942
2002,LALITPUR,6901.1906857530075
2002,BHAKTAPUR,4939.339186185379
2002,KATHMANDU,4291.5932330895375
2002,NUWAKOT,3486.2856073871726
2002,RASUWA,3196.8603237440548
2002,DHADING,3415.86405699451
2002,MAKAWANPUR,5267.126651011484
2002,RAUTAHAT,5508.725023229934
2002,BARA,3418.8092979678668
2002,PARSA,5895.038314076115
2002,CHITAWAN,4516.9389483165605
2002,GORKHA,5146.793011985549
2002,LAMJUNG,6612.220628255424
2002,TANAHU,5896.839315865532
2002,SYANGJA,4731.469352094167
2002,KASKI,4108.807774584712
2002,MANANG,2848.184598670695
2002,MUSTANG,4280.84668075758
2002,MYAGDI,4788.8697611723055
2002,PARBAT,4012.8204728488163
2002,BAGLUNG,4868.743032907695
2002,GULMI,5076.851882958768
2002,PALPA,4775.1440181919215
2002,NAWALPARASI_W,4349.9974191765405
2002,RUPANDEHI,5168.654671966728
2002,KAPILBASTU,5441.940649569409
2002,ARGHAKHANCHI,3909.6009225571543
2002,PYUTHAN,6410.93237974627
2002,ROLPA,4901.4118677157385
2002,RUKUM_W,5018.849622944847
2002,SALYAN,5708.214423256557
2002,DANG,5233.216131263502
2002,BANKE,5953.1366339132455
2002,BARDIYA,5287.124165201824
2002,SURKHET,4387.562625359562
2002,DAILEKH,5361.503525206102
2002,JAJARKOT,3856.273792679338
2002,DOLPA,5108.5597057765235
2002,JUMLA,4966.7700093555395
2002,KALIKOT,4791.88314272746
2002,MUGU,4871.462488561069
2002,HUMLA,3118.150954502361
2002,BAJURA,4451.2750922590385
2002,BAJHANG,5092.844901141115
2002,ACHHAM,5159.8563919974
2002,DOTI,3972.324859074042
2002,KAILALI,6265.707840864701
2002,KANCHANPUR,4133.825151785499
2002,DADELDHURA,5969.457200526736
2002,BAITADI,5427.194361871685
2002,DARCHULA,4353.772690156197
2002,NAWALPARASI_E,6775.310892609512
2002,RUKUM_E,3806.36316824352
2003,TAPLEJUNG,5919.154173610002
2003,PANCHTHAR,6000.582318042978
2003,ILAM,4329.379790923355
2003,JHAPA,6392.465300064328
2003,MORANG,4749.953485401047
2003,SUNSARI,5288.693629279857
2003,DHANKUTA,5260.32183877122
2003,TERHATHUM,4865.691258529452
2003,SANKHUWASABHA,5810.808273159782
2003,BHOJPUR,5793.488720552213
2003,SOLUKHUMBU,3251.468026761819
2003,OKHALDHUNGA,6304.340242878153
2003,KHOTANG,3337.5080119643258
2003,UDAYAPUR,6032.546204341657
2003,SAPTARI,6126.705136827583
2003,SIRAHA,3909.033569784802
2003,DHANUSHA,4589.185712045415
2003,MAHOTTARI,3894.295331514064
2003,SARLAHI,4785.078969711265
2003,SINDHULI,4691.965715814259
2003,RAMECHHAP,5779.6605322693395
2003,DOLAKHA,6310.308746119608
2003,SINDHUPALCHOK,6395.683810789957
2003,KABHREPALANCHOK,4437.8319734216975
2003,LALITPUR,4790.778126255473
2003,BHAKTAPUR,3316.5618077790496
2003,KATHMANDU,4194.129933503811
2003,NUWAKOT,5964.851633097458
2003,RASUWA,6615.582823548231
2003,DHADING,3765.6511281200783
2003,MAKAWANPUR,4407.535740847105
2003,RAUTAHAT,4973.594243041073
2003,BARA,5280.1611588196065
2003,PARSA,4190.396480078354
2003,CHITAWAN,5424.06104446409
2003,GORKHA,4526.160652929084
2003,LAMJUNG,4985.547729121721
2003,TANAHU,5546.2842480037
2003,SYANGJA,5006.422269810938
2003,KASKI,4563.614109473431
2003,MANANG,4890.39019607417
2003,MUSTANG,4911.637040794664
2003,MYAGDI,4629.988970117873
2003,PARBAT,4741.203937332898
2003,BAGLUNG,6598.647170504717
2003,GULMI,5560.919447941239
2003,PALPA,4704.51968197084
2003,NAWALPARASI_W,5696.954404510736
2003,RUPANDEHI,4666.18051024399
2003,KAPILBASTU,6173.124637586641
2003,ARGHAKHANCHI,5369.642192198094
2003,PYUTHAN,4892.6978559957715
2003,ROLPA,5447.716925810278
2003,RUKUM_W,3429.1238479315007
2003,SALYAN,3873.2325310901947
2003,DANG,3806.0749936009443
2003,BANKE,5142.9430947637065
2003,BARDIYA,6732.514999485092
2003,SURKHET,7231.300146192632
2003,DAILEKH,5638.0511014407575
2003,JAJARKOT,5500.844474944457
2003,DOLPA,3198.9422658472613
2003,JUMLA,4457.3262002659785
2003,KALIKOT,4212.216248091761
2003,MUGU,4379.152401748884
2003,HUMLA,4831.856181415211
2003,BAJURA,4527.909422302872
2003,BAJHANG,3020.7001896242123
2003,ACHHAM,5747.910256117534
2003,DOTI,3927.2569742601936
2003,KAILALI,5239.24686411115
2003,KANCHANPUR,7074.082669749973
2003,DADELDHURA,4080.6154084135765
2003,BAITADI,2469.7124772536704
2003,DARCHULA,4713.995778119889
2003,NAWALPARASI_E,6100.959634998571
2003,RUKUM_E,6958.347454220594
2004,TAPLEJUNG,3770.450405547583
2004,PANCHTHAR,5496.699223236522
2004,ILAM,4534.689543219946
2004,JHAPA,4894.051645695864
2004,MORANG,7644.343347017035
2004,SUNSARI,3497.029671604847
2004,DHANKUTA,5253.739661494574
2004,TERHATHUM,5467.693171765433
2004,SANKHUWASABHA,6085.786324939347
2004,BHOJPUR,5097.983153470896
2004,SOLUKHUMBU,5308.050539504103
2004,OKHALDHUNGA,4608.351432578209
2004,KHOTANG,5269.126941245107
2004,UDAYAPUR,4656.80772450259
2004,SAPTARI,5621.571889856051
2004,SIRAHA,4630.389663956366
2004,DHANUSHA,5377.100393902187
2004,MAHOTTARI,4970.737186315022
2004,SARLAHI,6126.0502507721685
2004,SINDHULI,4948.606276411514
2004,RAMECHHAP,3226.9675317931187
2004,DOLAKHA,6261.921500713992
2004,SINDHUPALCHOK,4094.267699137381
2004,KABHREPALANCHOK,4346.23366135118
2004,LALITPUR,4404.3387059565075
2004,BHAKTAPUR,6374.438093170817
2004,KATHMANDU,2864.3257860213043
2004,NUWAKOT,8137.748533659994
2004,RASUWA,6056.056809066052
2004,DHADING,5223.23891412916
2004,MAKAWANPUR,4945.105999383713
2004,RAUTAHAT,5285.554074857657
2004,BARA,5521.122428379338
2004,PARSA,5645.215585950057
2004,CHITAWAN,5555.604466003449
2004,GORKHA,5089.580681255249
2004,LAMJUNG,4802.6615796926735
2004,TANAHU,4848.7267163464885
2004,SYANGJA,4805.091719647319
2004,KASKI,6133.770096867064
2004,MANANG,5593.556722280862
2004,MUSTANG,2059.6113653357197
2004,MYAGDI,5655.900776529761
2004,PARBAT,5194.736194718775
2004,BAGLUNG,4981.291243554103
2004,GULMI,4611.4815469111145
2004,PALPA,6124.112719986013
2004,NAWALPARASI_W,5947.526462122858
2004,RUPANDEHI,4227.122332176391
2004,KAPILBASTU,5407.052287124535
2004,ARGHAKHANCHI,4028.343265458714
2004,PYUTHAN,3620.3818352110693
2004,ROLPA,4373.282775410034
2004,RUKUM_W,5862.393472382759
2004,SALYAN,5953.125045376087
2004,DANG,5513.085420097293
2004,BANKE,5725.095786847997
2004,BARDIYA,5516.178287114958
2004,SURKHET,4358.518404777048
2004,DAILEKH,5431.922544673941
2004,JAJARKOT,5800.409525227682
2004,DOLPA,5754.2913298135745
2004,JUMLA,6188.913371474643
2004,KALIKOT,5708.303847201064
2004,MUGU,5351.448207541583
2004,HUMLA,6070.150238316428
2004,BAJURA,4973.47874075094
2004,BAJHANG,4118.125348772282
2004,ACHHAM,4836.933036056236
2004,DOTI,4255.097355193551
2004,KAILALI,4324.821725025618
2004,KANCHANPUR,4855.481329284482
2004,DADELDHURA,4207.5800790000385
2004,BAITADI,4692.03847036096
2004,DARCHULA,3106.3853330462143
2004,NAWALPARASI_E,5213.293707372939
2004,RUKUM_E,5001.205475362224
2005,TAPLEJUNG,4182.911368931809
2005,PANCHTHAR,5659.245668432405
2005,ILAM,5937.570137626559
2005,JHAPA,3392.440135631026
2005,MORANG,4237.275221433786
2005,SUNSARI,4230.857650212702
2005,DHANKUTA,4060.0968988911354
2005,TERHATHUM,5829.474841931748
2005,SANKHUWASABHA,4806.1738612271965
2005,BHOJPUR,4735.485158689389
2005,SOLUKHUMBU,2996.1376355932466
2005,OKHALDHUNGA,5635.418030209226
2005,KHOTANG,3760.7416051465275
2005,UDAYAPUR,5059.9326302663285
2005,SAPTARI,5277.376937958192
2005,SIRAHA,6360.658595838651
2005,DHANUSHA,3691.179600880888
2005,MAHOTTARI,1980.4878441791748
2005,SARLAHI,5183.849544753695
2005,SINDHULI,6800.511181510854
2005,RAMECHHAP,6238.946352939437
2005,DOLAKHA,5209.659415274626
2005,SINDHUPALCHOK,4508.363814367953
2005,KABHREPALANCHOK,5807.12259663731
2005,LALITPUR,4026.4538002955314
2005,BHAKTAPUR,5476.357769356219
2005,KATHMANDU,5505.470159166627
2005,NUWAKOT,6060.20990749888
2005,RASUWA,7759.660038911077
2005,DHADING,5392.4159671787675
2005,MAKAWANPUR,4491.036374292501
2005,RAUTAHAT,4974.425687808006
2005,BARA,3230.924095110882
2005,PARSA,4305.286868910942
2005,CHITAWAN,4590.717561886896
2005,GORKHA,4475.911602065407
2005,LAMJUNG,5152.354872033722
2005,TANAHU,4177.5800676178
2005,SYANGJA,6121.030667324471
2005,KASKI,5000.207064918197
2005,MANANG,4990.699678861386
2005,MUSTANG,4672.1052834870825
2005,MYAGDI,5155.190683858979
2005,PARBAT,5825.098264667635
2005,BAGLUNG,4132.8697842891
2005,GULMI,4341.883510924743
2005,PALPA,4696.273971223335
2005,NAWALPARASI_W,3654.129076526785
2005,RUPANDEHI,4180.742140278502
2005,KAPILBASTU,4523.779126455341
2005,ARGHAKHANCHI,5874.3891807127275
2005,PYUTHAN,5262.561329001925
2005,ROLPA,5193.589911367544
2005,RUKUM_W,5850.897962167972
2005,SALYAN,4862.628211600603
2005,DANG,5390.46484992889
2005,BANKE,4896.778247067504
2005,BARDIYA,5265.362349399628
2005,SURKHET,4417.241342388418
2005,DAILEKH,2561.182841723571
2005,JAJARKOT,4865.720837813696
2005,DOLPA,6422.74813609994
2005,JUMLA,5926.2154022415925
2005,KALIKOT,5965.397484591171
2005,MUGU,6236.1307218062175
2005,HUMLA,5088.657590961438
2005,BAJURA,5197.315707405595
2005,BAJHANG,4382.34810456565
2005,ACHHAM,4683.92714397295
2005,DOTI,5615.771149771142
2005,KAILALI,6203.8844371688165
2005,KANCHANPUR,4860.553724319
2005,DADELDHURA,4549.810735148589
2005,BAITADI,5000.527958856597
2005,DARCHULA,5601.206748929115
2005,NAWALPARASI_E,3556.145183866458
2005,RUKUM_E,2703.8190468627618
2006,TAPLEJUNG,4449.463150508416
2006,PANCHTHAR,3779.2875740858417
2006,ILAM,4491.859802352689
2006,JHAPA,4852.219681182529
2006,MORANG,4546.751590976986
2006,SUNSARI,6452.467534470746
2006,DHANKUTA,5326.74476460232
2006,TERHATHUM,5300.474359610828
2006,SANKHUWASABHA,5622.207144043402
2006,BHOJPUR,3861.166882219231
2006,SOLUKHUMBU,6039.111787420268
2006,OKHALDHUNGA,4924.23571346454
2006,KHOTANG,5670.480617241213
2006,UDAYAPUR,3928.1427669598443
2006,SAPTARI,3446.2412339839357
2006,SIRAHA,5817.889658025028
2006,DHANUSHA,5376.409526097516
2006,MAHOTTARI,4097.94844564249
2006,SARLAHI,4130.336918725306
2006,SINDHULI,6125.43478441477
2006,RAMECHHAP,3810.588107132672
2006,DOLAKHA,6642.672953255964
2006,SINDHUPALCHOK,4099.379265352131
2006,KABHREPALANCHOK,5638.391925608383
2006,LALITPUR,4671.381524251015
2006,BHAKTAPUR,5603.187431082343
2006,KATHMANDU,4455.885997885807
2006,NUWAKOT,4837.2070939277055
2006,RASUWA,5040.919175395721
2006,DHADING,3997.8125442185274
2006,MAKAWANPUR,5740.824345420126
2006,RAUTAHAT,4486.786433528415
2006,BARA,4771.400084659981
2006,PARSA,4005.6506253914877
2006,CHITAWAN,2437.6663412046896
2006,GORKHA,4808.972237399831
2006,LAMJUNG,7412.615421612916
2006,TANAHU,5784.604287898024
2006,SYANGJA,4980.7396202656055
2006,KASKI,4737.109170791732
2006,MANANG,5022.465892812046
2006,MUSTANG,5547.11911517521
2006,MYAGDI,3819.1871846911554
2006,PARBAT,6114.321694668872
2006,BAGLUNG,5715.381315441244
2006,GULMI,5718.185725707935
2006,PALPA,5438.475738809727
2006,NAWALPARASI_W,5019.6166576939895
2006,RUPANDEHI,5672.86123596682
2006,KAPILBASTU,5591.814133741378
2006,ARGHAKHANCHI,4645.9592890589765
2006,PYUTHAN,4426.398227103099
2006,ROLPA,5101.856295261987
2006,RUKUM_W,6549.020151495188
2006,SALYAN,3760.892924346099
2006,DANG,3532.4747342475603
2006,BANKE,5164.760841236517
2006,BARDIYA,5050.887701856018
2006,SURKHET,5173.341664370409
2006,DAILEKH,5243.9531979085
2006,JAJARKOT,4776.797745365195
2006,DOLPA,6489.863438602082
2006,JUMLA,3399.0960215234845
2006,KALIKOT,4171.502975219754
2006,MUGU,4896.745239850952
2006,HUMLA,3356.8111888458325
2006,BAJURA,4824.1455955679285
2006,BAJHANG,6661.470165728018
2006,ACHHAM,5020.8864882959615
2006,DOTI,5230.700905718683
2006,KAILALI,3739.8352348274198
2006,KANCHANPUR,4383.638591960523
2006,DADELDHURA,4624.803619676063
2006,BAITADI,4682.284903243766
2006,DARCHULA,6281.643795003769
2006,NAWALPARASI_E,5557.691060725125
2006,RUKUM_E,3888.5420430629683
2007,TAPLEJUNG,5246.504778432005
2007,PANCHTHAR,5498.221748496785
2007,ILAM,6140.149038521266
2007,JHAPA,6580.5406865683735
2007,MORANG,3984.9058081721314
2007,SUNSARI,4189.142488789662
2007,DHANKUTA,3742.422141085384
2007,TERHATHUM,4765.980140893019
2007,SANKHUWASABHA,5466.358374446335
2007,BHOJPUR,5987.334516589102
2007,SOLUKHUMBU,4924.048976357477
2007,OKHALDHUNGA,4680.152476745156
2007,KHOTANG,5151.75799224874
2007,UDAYAPUR,4164.857098369977
2007,SAPTARI,7089.538721694773
2007,SIRAHA,3392.338972881941
2007,DHANUSHA,5184.740578895725
2007,MAHOTTARI,7023.6062192296395
2007,SARLAHI,5006.799844559998
2007,SINDHULI,4809.960964998506
2007,RAMECHHAP,4642.554577189573
2007,DOLAKHA,4819.608318237592
2007,SINDHUPALCHOK,6372.84847467653
2007,KABHREPALANCHOK,2788.1380886704933
2007,LALITPUR,6533.433701296326
2007,BHAKTAPUR,3576.0428475498547
2007,KATHMANDU,4733.3476707655855
2007,NUWAKOT,4570.755579701338
2007,RASUWA,5588.553269770719
2007,DHADING,3401.8756481162527
2007,MAKAWANPUR,5462.172666081943
2007,RAUTAHAT,7024.309623286852
2007,BARA,3636.8259954071896
2007,PARSA,5189.706167610396
2007,CHITAWAN,4338.017822203391
2007,GORKHA,5425.887206193036
2007,LAMJUNG,5019.147777415752
2007,TANAHU,4358.51309095569
2007,SYANGJA,5487.872284871074
2007,KASKI,6804.348109786743
2007,MANANG,4809.096208272701
2007,MUSTANG,5719.757942148182
2007,MYAGDI,3706.7270421288363
2007,PARBAT,4043.5636231819913
2007,BAGLUNG,5472.406277880377
2007,GULMI,6484.116028535965
2007,PALPA,5355.61334878566
2007,NAWALPARASI_W,4686.941969476846
2007,RUPANDEHI,4999.291405423354
2007,KAPILBASTU,3749.592266030282
2007,ARGHAKHANCHI,5604.515326355367
2007,PYUTHAN,5882.333062323409
2007,ROLPA,4547.9096671669195
2007,RUKUM_W,4529.957852240498
2007,SALYAN,5265.8782296520485
2007,DANG,4563.280263959405
2007,BANKE,4933.8673853741775
2007,BARDIYA,7099.721789166515
2007,SURKHET,4752.974299254003
2007,DAILEKH,4641.659847978778
2007,JAJARKOT,4352.458194364841
2007,DOLPA,5744.191971499937
2007,JUMLA,4818.775826781897
2007,KALIKOT,4350.626961678574
2007,MUGU,6321.304032273012
2007,HUMLA,6419.603004513638
2007,BAJURA,4399.576434261295
2007,BAJHANG,3133.460048639384
2007,ACHHAM,6007.513689836922
2007,DOTI,4315.370174239996
2007,KAILALI,5790.625599162769
2007,KANCHANPUR,3029.8961822881647
2007,DADELDHURA,5892.597338299309
2007,BAITADI,3788.828070719219
2007,DARCHULA,5730.7641190665245
2007,NAWALPARASI_E,5014.273067836434
2007,RUKUM_E,4046.060580603355
2008,TAPLEJUNG,4592.963687073219
2008,PANCHTHAR,5686.318456956701
2008,ILAM,5105.894453115235
2008,JHAPA,5584.412980472484
2008,MORANG,6976.440584515485
2008,SUNSARI,3435.7583882889485
2008,DHANKUTA,6617.212574968624
2008,TERHATHUM,5104.355937523213
2008,SANKHUWASABHA,4101.215951676872
2008,BHOJPUR,3669.6863742610103
2008,SOLUKHUMBU,4810.879609222967
2008,OKHALDHUNGA,5921.650111924459
2008,KHOTANG,4872.450879622465
2008,UDAYAPUR,6511.154930247348
2008,SAPTARI,3548.824309948441
2008,SIRAHA,4987.911052153945
2008,DHANUSHA,3747.606555586881
2008,MAHOTTARI,5363.631882624968
2008,SARLAHI,5886.8873900973
2008,SINDHULI,4579.238206318947
2008,RAMECHHAP,2395.786143372866
2008,DOLAKHA,5198.948146796494
2008,SINDHUPALCHOK,5436.73855173351
2008,KABHREPALANCHOK,5404.294754961697
2008,LALITPUR,6235.782191822154
2008,BHAKTAPUR,3928.9463203509513
2008,KATHMANDU,5680.2161054504495
2008,NUWAKOT,6192.507512477975
2008,RASUWA,3221.412415993483
2008,DHADING,5319.651825918977
2008,MAKAWANPUR,4495.820168992328
2008,RAUTAHAT,4918.4773268983545
2008,BARA,5347.6764835383365
2008,PARSA,4512.771435886448
2008,CHITAWAN,4324.291920838388
2008,GORKHA,5034.152417488024
2008,LAMJUNG,3912.7540611371974
2008,TANAHU,3914.174871114815
2008,SYANGJA,5679.373282956503
2008,KASKI,3851.205964841344
2008,MANANG,5666.312500909212
2008,MUSTANG,5462.591292853951
2008,MYAGDI,3274.193271209403
2008,PARBAT,4322.435347664345
2008,BAGLUNG,6194.109403047372
2008,GULMI,4018.8344688603183
2008,PALPA,4535.595737690613
2008,NAWALPARASI_W,5462.060893251896
2008,RUPANDEHI,5783.390509282595
2008,KAPILBASTU,4748.4611139555045
2008,ARGHAKHANCHI,4402.489805308358
2008,PYUTHAN,6422.3698616985075
2008,ROLPA,6738.899663797579
2008,RUKUM_W,5978.858050781795
2008,SALYAN,5085.318142565024
2008,DANG,4191.734278359074
2008,BANKE,4169.555593443435
2008,BARDIYA,5522.514105265757
2008,SURKHET,5418.398220888684
2008,DAILEKH,6401.59859294643
2008,JAJARKOT,5650.450092536139
2008,DOLPA,3496.919698240182
2008,JUMLA,6051.947617722919
2008,KALIKOT,4001.939372685587
2008,MUGU,4616.028728047649
2008,HUMLA,5250.200206251695
2008,BAJURA,6995.667489783964
2008,BAJHANG,8109.918556005361
2008,ACHHAM,5606.723059136183
2008,DOTI,4816.803381279612
2008,KAILALI,5534.50564848055
2008,KANCHANPUR,5887.655425873836
2008,DADELDHURA,4679.332374442808
2008,BAITADI,6795.211355912323
2008,DARCHULA,5230.070759191402
2008,NAWALPARASI_E,5497.743089091395
2008,RUKUM_E,5665.924252054461
2009,TAPLEJUNG,5421.586610614456
2009,PANCHTHAR,5838.940500469612
2009,ILAM,4382.746813453077
2009,JHAPA,4441.698246053969
2009,MORANG,3899.845767028305
2009,SUNSARI,5439.501230620226
2009,DHANKUTA,5778.936503512114
2009,TERHATHUM,5457.772866151886
2009,SANKHUWASABHA,6674.492433347537
2009,BHOJPUR,4994.403981170954
2009,SOLUKHUMBU,5668.741655592513
2009,OKHALDHUNGA,3908.2991238606855
2009,KHOTANG,4612.900297525599
2009,UDAYAPUR,5695.537757565778
2009,SAPTARI,5849.102110743144
2009,SIRAHA,4706.033052335818
2009,DHANUSHA,4928.400748141933
2009,MAHOTTARI,3482.1262533191903
2009,SARLAHI,4642.970799193391
2009,SINDHULI,5890.383163519786
2009,RAMECHHAP,5575.205016106566
2009,DOLAKHA,5500.66572138121
2009,SINDHUPALCHOK,5049.77368718096
2009,KABHREPALANCHOK,5007.063158628176
2009,LALITPUR,4339.678860526553
2009,BHAKTAPUR,5698.828420202535
2009,KATHMANDU,5420.97294438939
2009,NUWAKOT,5492.018847992799
2009,RASUWA,4473.96515733242
2009,DHADING,2846.6570801287558
2009,MAKAWANPUR,6097.152711753695
2009,RAUTAHAT,4521.162543991596
2009,BARA,4137.224235956879
2009,PARSA,5693.478911913993
2009,CHITAWAN,4607.9873600808705
2009,GORKHA,6059.936384046622
2009,LAMJUNG,5617.005949576697
2009,TANAHU,5683.569323200478
2009,SYANGJA,3634.044288799466
2009,KASKI,6211.9439853864005
2009,MANANG,5261.250531233856
2009,MUSTANG,4630.722860753797
2009,MYAGDI,5143.388467342251
2009,PARBAT,3223.7647671016803
2009,BAGLUNG,5408.652811480671
2009,GULMI,3970.6284918179285
2009,PALPA,3647.3297141564653
2009,NAWALPARASI_W,3477.640813782109
2009,RUPANDEHI,6112.688374989925
2009,KAPILBASTU,4370.736606307211
2009,ARGHAKHANCHI,6533.727709916499
2009,PYUTHAN,4464.198536947702
2009,ROLPA,3292.642042407053
2009,RUKUM_W,3883.475560051341
2009,SALYAN,6235.811620006939
2009,DANG,4844.101822063332
2009,BANKE,4451.712703509399
2009,BARDIYA,5160.0182258527875
2009,SURKHET,5501.782736167545
2009,DAILEKH,6117.398815902461
2009,JAJARKOT,6448.499229892926
2009,DOLPA,4640.231354210914
2009,JUMLA,3673.952313917962
2009,KALIKOT,4586.534838876724
2009,MUGU,5260.280506582886
2009,HUMLA,4036.2410737893892
2009,BAJURA,4042.8490851049573
2009,BAJHANG,5343.787881549885
2009,ACHHAM,4951.347648429549
2009,DOTI,5032.796995411586
2009,KAILALI,4241.504665299931
2009,KANCHANPUR,4769.599285794233
2009,DADELDHURA,4075.7668557316956
2009,BAITADI,5890.198411124787
2009,DARCHULA,6035.249334723752
2009,NAWALPARASI_E,3153.8121377619063
2009,RUKUM_E,4070.4891398075897
2010,TAPLEJUNG,3503.470744909921
2010,PANCHTHAR,4349.976065593102
2010,ILAM,4916.5620302096395
2010,JHAPA,3550.35478030147
2010,MORANG,4078.140186874687
2010,SUNSARI,3996.0426279185012
2010,DHANKUTA,5207.267329398944
2010,TERHATHUM,5069.34433703625
2010,SANKHUWASABHA,4278.262446662747
2010,BHOJPUR,5176.820872139398
2010,SOLUKHUMBU,4453.319915412734
2010,OKHALDHUNGA,4728.344889673946
2010,KHOTANG,6673.452090298537
2010,UDAYAPUR,6340.4610517903475
2010,SAPTARI,3700.4187630724023
2010,SIRAHA,5829.732417879174
2010,DHANUSHA,5811.396554491592
2010,MAHOTTARI,3851.7367112473817
2010,SARLAHI,5818.777643754861
2010,SINDHULI,6537.9319184125525
2010,RAMECHHAP,3877.455193755586
2010,DOLAKHA,4082.4971789857364
2010,SINDHUPALCHOK,6017.661466843502
2010,KABHREPALANCHOK,5271.495310825648
2010,LALITPUR,5551.476275239524
2010,BHAKTAPUR,5340.589216400496
2010,KATHMANDU,5390.695920928144
2010,NUWAKOT,3673.527871688917
2010,RASUWA,6047.317706621448
2010,DHADING,6169.589992427774
2010,MAKAWANPUR,4770.609255931972
2010,RAUTAHAT,4956.523050186138
2010,BARA,3468.892497444278
2010,PARSA,5514.254756017835
2010,CHITAWAN,5572.057441714144
2010,GORKHA,4937.808983000689
2010,LAMJUNG,6124.353359870503
2010,TANAHU,4665.92276902006
2010,SYANGJA,5564.6059258936
2010,KASKI,3980.3356613078845
2010,MANANG,4976.447849125762
2010,MUSTANG,4825.645742097164
2010,MYAGDI,5225.307922040942
2010,PARBAT,4630.473071166642
2010,BAGLUNG,4868.5274043283325
2010,GULMI,5826.047171441506
2010,PALPA,4563.235762761782
2010,NAWALPARASI_W,3393.4228992613207
2010,RUPANDEHI,6749.58390420542
2010,KAPILBASTU,6381.454078690486
2010,ARGHAKHANCHI,3707.7373048943814
2010,PYUTHAN,5689.707805245194
2010,ROLPA,4497.025229448657
2010,RUKUM_W,5263.48721533106
2010,SALYAN,5294.224129013493
2010,DANG,4765.592199683678
2010,BANKE,4216.234334413603
2010,BARDIYA,4309.458947683741
2010,SURKHET,4083.808084518758
2010,DAILEKH,4168.177791769555
2010,JAJARKOT,4932.821709950645
2010,DOLPA,4284.240010889248
2010,JUMLA,5682.05206571262
2010,KALIKOT,6487.246155335927
2010,MUGU,4419.946758629957
2010,HUMLA,5239.404500535377
2010,BAJURA,5499.685110302934
2010,BAJHANG,5472.002270919274
2010,ACHHAM,5075.955267916087
2010,DOTI,5742.682418359723
2010,KAILALI,5482.248952680658
2010,KANCHANPUR,3762.337577672702
2010,DADELDHURA,5869.1560643892735
2010,BAITADI,5887.2908372667425
2010,DARCHULA,4236.713895821418
2010,NAWALPARASI_E,5037.937835447602
2010,RUKUM_E,5683.32899281107
2011,TAPLEJUNG,4790.686180420638
2011,PANCHTHAR,6072.9780477660115
2011,ILAM,7363.872494619361
2011,JHAPA,4214.013967365017
2011,MORANG,3618.955396846225
2011,SUNSARI,5303.818595604876
2011,DHANKUTA,5721.562505126143
2011,TERHATHUM,4769.1336261552315
2011,SANKHUWASABHA,6453.260663321034
2011,BHOJPUR,3661.3942002767512
2011,SOLUKHUMBU,5692.918623031611
2011,OKHALDHUNGA,4394.139179241107
2011,KHOTANG,6719.377906207297
2011,UDAYAPUR,6992.515353168118
2011,SAPTARI,4233.343412216652
2011,SIRAHA,4450.44286409142
2011,DHANUSHA,5859.587886979802
2011,MAHOTTARI,4612.869350210485
2011,SARLAHI,4954.588782067762
2011,SINDHULI,5025.38842054241
2011,RAMECHHAP,3080.326843802344
2011,DOLAKHA,4986.162253905763
2011,SINDHUPALCHOK,4310.272225935826
2011,KABHREPALANCHOK,4506.877177600228
2011,LALITPUR,6443.632003468814
2011,BHAKTAPUR,3743.4931057207436
2011,KATHMANDU,5813.205186747977
2011,NUWAKOT,4721.037069668191
2011,RASUWA,4720.2398315041655
2011,DHADING,5790.371896051712
2011,MAKAWANPUR,5340.051294568891
2011,RAUTAHAT,5570.612997219531
2011,BARA,5968.184660532861
2011,PARSA,4668.691616816677
2011,CHITAWAN,4387.76326549225
2011,GORKHA,3914.849473442202
2011,LAMJUNG,4174.589470021045
2011,TANAHU,7949.0944253087255
2011,SYANGJA,6244.679580736787
2011,KASKI,3648.9256337919787
2011,MANANG,3677.5420432564297
2011,MUSTANG,5481.866061718491
2011,MYAGDI,5547.264797377967
2011,PARBAT,5548.883835317364
2011,BAGLUNG,4745.044206446302
2011,GULMI,4874.5457399971
2011,PALPA,5327.879524159357
2011,NAWALPARASI_W,5085.8930062933305
2011,RUPANDEHI,2780.699627252465
2011,KAPILBASTU,4770.200369424806
2011,ARGHAKHANCHI,4148.593565739687
2011,PYUTHAN,5175.211418908512
2011,ROLPA,7985.25900260341
2011,RUKUM_W,5367.4816654743045
2011,SALYAN,4686.470313827602
2011,DANG,5921.801501977252
2011,BANKE,5482.687887209213
2011,BARDIYA,5420.094490451841
2011,SURKHET,5606.850593215671
2011,DAILEKH,7056.5435648295415
2011,JAJARKOT,3869.1115646740845
2011,DOLPA,5473.632076811455
2011,JUMLA,4073.6188700184616
2011,KALIKOT,5555.512646342248
2011,MUGU,4081.3134885139057
2011,HUMLA,4582.633186394915
2011,BAJURA,4704.910085762093
2011,BAJHANG,5975.816719344709
2011,ACHHAM,5918.4544439424135
2011,DOTI,3754.282623553616
2011,KAILALI,5054.934110999849
2011,KANCHANPUR,4290.420145250828
2011,DADELDHURA,3741.4950893246655
2011,BAITADI,4782.982949575629
2011,DARCHULA,4691.51721154418
2011,NAWALPARASI_E,7426.716486345522
2011,RUKUM_E,5432.959825360696
2012,TAPLEJUNG,3622.382499245763
2012,PANCHTHAR,4435.225995829058
2012,ILAM,6021.3832954293985
2012,JHAPA,7088.442772869925
2012,MORANG,3414.016687762042
2012,SUNSARI,3120.0756148609553
2012,DHANKUTA,6870.965175371783
2012,TERHATHUM,5389.614177370904
2012,SANKHUWASABHA,4131.707268123633
2012,BHOJPUR,5534.629086122435
2012,SOLUKHUMBU,2364.252260983122
2012,OKHALDHUNGA,5003.375506597161
2012,KHOTANG,5327.821172843085
2012,UDAYAPUR,5924.27013953783
2012,SAPTARI,3986.104047707462
2012,SIRAHA,5085.687161403359
2012,DHANUSHA,4074.5753739404126
2012,MAHOTTARI,5255.383755674317
2012,SARLAHI,4104.653677636976
2012,SINDHULI,4591.899160839779
2012,RAMECHHAP,4004.184605209771
2012,DOLAKHA,5651.136241823657
2012,SINDHUPALCHOK,5858.451116656665
2012,KABHREPALANCHOK,4765.379430042586
2012,LALITPUR,5038.237994960028
2012,BHAKTAPUR,3551.4085853664556
2012,KATHMANDU,4700.323351993213
2012,NUWAKOT,4949.795382958255
2012,RASUWA,7620.793091029975
2012,DHADING,3888.0329742258364
2012,MAKAWANPUR,6464.177238752438
2012,RAUTAHAT,5996.858773465808
2012,BARA,5280.636404490137
2012,PARSA,6758.620484195133
2012,CHITAWAN,5372.105472606863
2012,GORKHA,5389.1591956679285
2012,LAMJUNG,4946.879346982455
2012,TANAHU,6223.568882418627
2012,SYANGJA,6096.469233810883
2012,KASKI,4374.322712503787
2012,MANANG,3680.7528054012328
2012,MUSTANG,4797.019362604343
2012,MYAGDI,4199.961435602354
2012,PARBAT,4936.475425384645
2012,BAGLUNG,6237.438134684139
2012,GULMI,4542.69834491321
2012,PALPA,4957.176618688425
2012,NAWALPARASI_W,5058.022734808395
2012,RUPANDEHI,5848.430882205284
2012,KAPILBASTU,2753.1106660153946
2012,ARGHAKHANCHI,4393.299705234704
2012,PYUTHAN,5211.283692279473
2012,ROLPA,6200.078956426862
2012,RUKUM_W,4508.097552493795
2012,SALYAN,3123.447293958126
2012,DANG,5619.711445966136
2012,BANKE,4364.63761117437
2012,BARDIYA,3810.3333409096385
2012,SURKHET,4375.654610286776
2012,DAILEKH,4815.47464234415
2012,JAJARKOT,4395.255335461788
2012,DOLPA,2794.433942900931
2012,JUMLA,5897.066196887132
2012,KALIKOT,6274.875041278722
2012,MUGU,5651.521991339506
2012,HUMLA,3862.3143295751834
2012,BAJURA,4798.508466052482
2012,BAJHANG,4993.478684770542
2012,ACHHAM,5598.79438956191
2012,DOTI,5668.34048871808
2012,KAILALI,4265.826201221505
2012,KANCHANPUR,5081.995556413561
2012,DADELDHURA,5457.280404615241
2012,BAITADI,6455.822322146767
2012,DARCHULA,5704.506539824723
2012,NAWALPARASI_E,5789.056687375519
2012,RUKUM_E,5083.826627929361
2013,TAPLEJUNG,6410.459145203504
2013,PANCHTHAR,5409.762795959497
2013,ILAM,4138.91208982643
2013,JHAPA,6403.369970125191
2013,MORANG,5697.903272539028
2013,SUNSARI,4556.955978871518
2013,DHANKUTA,4520.507032600756
2013,TERHATHUM,5296.575545140762
2013,SANKHUWASABHA,5463.184795267584
2013,BHOJPUR,5197.292265631207
2013,SOLUKHUMBU,5311.308673442885
2013,OKHALDHUNGA,6699.957374576381
2013,KHOTANG,6071.543152234885
2013,UDAYAPUR,5190.635591265024
2013,SAPTARI,5941.310580767484
2013,SIRAHA,3967.4760964724605
2013,DHANUSHA,5397.927049946809
2013,MAHOTTARI,6809.30634973311
2013,SARLAHI,4781.9541046076265
2013,SINDHULI,4152.366071380915
2013,RAMECHHAP,4347.911111406939
2013,DOLAKHA,3910.3669626576116
2013,SINDHUPALCHOK,4215.2380918722965
2013,KABHREPALANCHOK,4629.491901409971
2013,LALITPUR,3594.432980821358
2013,BHAKTAPUR,5015.618333949603
2013,KATHMANDU,5902.277173786647
2013,NUWAKOT,4092.2438198530795
2013,RASUWA,6519.2839236417685
2013,DHADING,5510.792088527594
2013,MAKAWANPUR,6030.580585624057
2013,RAUTAHAT,4342.165446147863
2013,BARA,5854.525227066616
2013,PARSA,3908.066099604687
2013,CHITAWAN,5890.247500836509
2013,GORKHA,5171.8393397935315
2013,LAMJUNG,5553.251219984783
2013,TANAHU,3824.4053943751483
2013,SYANGJA,4104.9301577233955
2013,KASKI,5597.2282182533845
2013,MANANG,4051.651995775799
2013,MUSTANG,5463.206292099123
2013,MYAGDI,3632.862193539754
2013,PARBAT,5848.174212666669
2013,BAGLUNG,3767.4766852314906
2013,GULMI,5552.299937679523
2013,PALPA,5625.630933646001
2013,NAWALPARASI_W,4303.2281815704255
2013,RUPANDEHI,5582.026567084727
2013,KAPILBASTU,5260.442263333556
2013,ARGHAKHANCHI,4461.158143807262
2013,PYUTHAN,3991.445315923792
2013,ROLPA,3037.374308327421
2013,RUKUM_W,5349.650047299694
2013,SALYAN,3435.197228637945
2013,DANG,5095.344199441308
2013,BANKE,4736.551783917751
2013,BARDIYA,5679.142775438196
2013,SURKHET,4697.954500510135
2013,DAILEKH,4670.552213652909
2013,JAJARKOT,5731.870704288295
2013,DOLPA,5335.058029084117
2013,JUMLA,5316.155957182778
2013,KALIKOT,5469.267589808526
2013,MUGU,3464.4278767928945
2013,HUMLA,5756.788679986982
2013,BAJURA,5612.468794013603
2013,BAJHANG,3983.3168714235026
2013,ACHHAM,4755.919526325799
2013,DOTI,4960.692712372369
2013,KAILALI,4865.503215598267
2013,KANCHANPUR,5333.859966568534
2013,DADELDHURA,6431.366781831183
2013,BAITADI,6081.766727672829
2013,DARCHULA,3687.780806568594
2013,NAWALPARASI_E,5622.069990306049
2013,RUKUM_E,6328.933319535409
2014,TAPLEJUNG,5386.808520689203
2014,PANCHTHAR,6090.980425185967
2014,ILAM,7012.270445700765
2014,JHAPA,6023.709546106981
2014,MORANG,5249.308595641729
2014,SUNSARI,6045.088474084753
2014,DHANKUTA,5144.887833096891
2014,TERHATHUM,5023.903043284956
2014,SANKHUWASABHA,4648.5857642862675
2014,BHOJPUR,6563.413358832108
2014,SOLUKHUMBU,4181.571334057999
2014,OKHALDHUNGA,6532.367724678116
2014,KHOTANG,5499.864123740372
2014,UDAYAPUR,3600.693825198058
2014,SAPTARI,5367.649292991422
2014,SIRAHA,2899.973492348376
2014,DHANUSHA,5625.508016831036
2014,MAHOTTARI,5885.231482988991
2014,SARLAHI,4407.644044347946
2014,SINDHULI,5123.547695955583
2014,RAMECHHAP,6954.157433750286
2014,DOLAKHA,4494.253295738064
2014,SINDHUPALCHOK,3941.0924129433997
2014,KABHREPALANCHOK,6481.663402462598
2014,LALITPUR,6962.587190530795
2014,BHAKTAPUR,5003.695671847848
2014,KATHMANDU,6011.4630354083565
2014,NUWAKOT,6341.475915530881
2014,RASUWA,4257.515767461616
2014,DHADING,4514.694164632132
2014,MAKAWANPUR,6230.874513154735
2014,RAUTAHAT,6685.01427870851
2014,BARA,5562.880860174355
2014,PARSA,4120.1856464979455
2014,CHITAWAN,6987.061111699441
2014,GORKHA,4469.029102188036
2014,LAMJUNG,4664.862218828548
2014,TANAHU,5342.337834489622
2014,SYANGJA,6554.160420714774
2014,KASKI,5853.975976552224
2014,MANANG,5414.865500361911
2014,MUSTANG,5463.288530118106
2014,MYAGDI,5043.514668643466
2014,PARBAT,5558.139514518506
2014,BAGLUNG,2470.439922305697
2014,GULMI,4703.392540930202
2014,PALPA,5241.321934916781
2014,NAWALPARASI_W,3848.985916380493
2014,RUPANDEHI,5386.32331781156
2014,KAPILBASTU,4795.528779013878
2014,ARGHAKHANCHI,6755.47569831549
2014,PYUTHAN,6573.019725214856
2014,ROLPA,4534.194430881837
2014,RUKUM_W,4849.162288433305
2014,SALYAN,4926.052434391608
2014,DANG,4548.3405238403775
2014,BANKE,5195.024984028127
2014,BARDIYA,4241.71793111241
2014,SURKHET,3869.3846650624737
2014,DAILEKH,5622.711223900269
2014,JAJARKOT,5629.529584221811
2014,DOLPA,4195.684240340008
2014,JUMLA,5895.3554307626
2014,KALIKOT,4368.422270834669
2014,MUGU,5253.165238037981
2014,HUMLA,5820.344012612456
2014,BAJURA,4966.387435296287
2014,BAJHANG,5454.740912141135
2014,ACHHAM,4483.570356112428
2014,DOTI,4803.533416571903
2014,KAILALI,4794.14056911966
2014,KANCHANPUR,4253.421653459761
2014,DADELDHURA,4823.225836884218
2014,BAITADI,3451.3817011362535
2014,DARCHULA,4508.846252857896
2014,NAWALPARASI_E,4715.124506630329
2014,RUKUM_E,4743.82024750462
2015,TAPLEJUNG,4758.502554129222
2015,PANCHTHAR,4938.235800139871
2015,ILAM,5479.441518086064
2015,JHAPA,5874.517074132523
2015,MORANG,4350.234773151733
2015,SUNSARI,3796.7991446108554
2015,DHANKUTA,3957.9555877568973
2015,TERHATHUM,4512.7970788050725
2015,SANKHUWASABHA,4648.078682183491
2015,BHOJPUR,4230.003933802543
2015,SOLUKHUMBU,3703.8833357501053
2015,OKHALDHUNGA,4543.879172525812
2015,KHOTANG,5181.426620113972
2015,UDAYAPUR,5595.029465835565
2015,SAPTARI,4442.576946891679
2015,SIRAHA,4587.002177856566
2015,DHANUSHA,4073.3016911526893
2015,MAHOTTARI,4968.560829625224
2015,SARLAHI,4151.571365809185
2015,SINDHULI,5573.1278132412
2015,RAMECHHAP,3214.133508065889
2015,DOLAKHA,4640.370327547537
2015,SINDHUPALCHOK,5301.107339191742
2015,KABHREPALANCHOK,5183.834516322504
2015,LALITPUR,7693.033663980496
2015,BHAKTAPUR,5349.800024567908
2015,KATHMANDU,3995.94540315799
2015,NUWAKOT,4904.535752910927
2015,RASUWA,3223.7536665335483
2015,DHADING,4919.400250703239
2015,MAKAWANPUR,4166.943942999242
2015,RAUTAHAT,5915.390275560162
2015,BARA,4450.459725404465
2015,PARSA,4883.234084204753
2015,CHITAWAN,4364.442158595597
2015,GORKHA,6738.851351853331
2015,LAMJUNG,4678.757233882088
2015,TANAHU,6832.557043479202
2015,SYANGJA,5814.151762118267
2015,KASKI,5482.0667273353865
2015,MANANG,5368.73314731752
2015,MUSTANG,5393.797298216252
2015,MYAGDI,3072.32742065439
2015,PARBAT,4721.116605849244
2015,BAGLUNG,5845.1579711843215
2015,GULMI,4951.102816525894
2015,PALPA,3594.810153196425
2015,NAWALPARASI_W,4947.595549422531
2015,RUPANDEHI,6704.105516255491
2015,KAPILBASTU,6246.891715534719
2015,ARGHAKHANCHI,4937.995990633968
2015,PYUTHAN,5951.449277058086
2015,ROLPA,4633.492979631948
2015,RUKUM_W,3296.128413173281
2015,SALYAN,4075.5340118704457
2015,DANG,6562.888768508197
2015,BANKE,4726.006918170696
2015,BARDIYA,4756.6160206249815
2015,SURKHET,4700.161803725119
2015,DAILEKH,6904.136589573007
2015,JAJARKOT,6625.958915362064
2015,DOLPA,7218.780233448134
2015,JUMLA,4840.9547895999485
2015,KALIKOT,5295.624488747095
2015,MUGU,3483.357450579209
2015,HUMLA,6476.934426118274
2015,BAJURA,3832.220448732065
2015,BAJHANG,5216.775563762629
2015,ACHHAM,3902.697472367156
2015,DOTI,4411.133173261303
2015,KAILALI,4162.7375689503
2015,KANCHANPUR,4392.124739324182
2015,DADELDHURA,4460.877296851021
2015,BAITADI,4451.731205074923
2015,DARCHULA,5833.333911780307
2015,NAWALPARASI_E,3895.13720693748
2015,RUKUM_E,5220.541427013867
2016,TAPLEJUNG,6217.959152305559
2016,PANCHTHAR,4486.8036354866035
2016,ILAM,4282.081109252398
2016,JHAPA,4769.475374819749
2016,MORANG,6179.72520836071
2016,SUNSARI,5194.107630953357
2016,DHANKUTA,4468.785705392402
2016,TERHATHUM,5483.876651188039
2016,SANKHUWASABHA,3897.707850163577
2016,BHOJPUR,5681.359510442948
2016,SOLUKHUMBU,5408.607307701767
2016,OKHALDHUNGA,4692.191528861116
2016,KHOTANG,4161.414201552769
2016,UDAYAPUR,4113.319077716543
2016,SAPTARI,5534.81733634591
2016,SIRAHA,6228.980502489062
2016,DHANUSHA,4362.692252971206
2016,MAHOTTARI,5458.386703551484
2016,SARLAHI,2912.972981397931
2016,SINDHULI,4415.3822693428
2016,RAMECHHAP,4968.941067129098
2016,DOLAKHA,4090.3165830181665
2016,SINDHUPALCHOK,4063.493625210404
2016,KABHREPALANCHOK,4332.220443531114
2016,LALITPUR,5292.192728326373
2016,BHAKTAPUR,4812.670981593626
2016,KATHMANDU,2761.768766675028
2016,NUWAKOT,2879.2998473649336
2016,RASUWA,4393.134822142824
2016,DHADING,5457.686586053552
2016,MAKAWANPUR,2252.4951572747655
2016,RAUTAHAT,4500.269823848369
2016,BARA,4473.7521434825785
2016,PARSA,6388.337778208448
2016,CHITAWAN,4614.978188287137
2016,GORKHA,5382.988984740929
2016,LAMJUNG,5141.257140087463
2016,TANAHU,2869.4335201927993
2016,SYANGJA,5768.2072166317375
2016,KASKI,5215.396505456288
2016,MANANG,5508.268639674589
2016,MUSTANG,8926.237706436326
2016,MYAGDI,2915.8870605014117
2016,PARBAT,6724.696649761108
2016,BAGLUNG,4712.552480599645
2016,GULMI,5287.328904403009
2016,PALPA,4954.487754698758
2016,NAWALPARASI_W,4575.763666601956
2016,RUPANDEHI,4430.1670717612415
2016,KAPILBASTU,5329.508735573009
2016,ARGHAKHANCHI,3482.826303328321
2016,PYUTHAN,5750.579167521766
2016,ROLPA,4583.805595114746
2016,RUKUM_W,3869.9306609596424
2016,SALYAN,4549.987142004186
2016,DANG,6257.149216862573
2016,BANKE,4464.664912983777
2016,BARDIYA,5358.45361820962
2016,SURKHET,4269.043724284526
2016,DAILEKH,5757.921849923619
2016,JAJARKOT,5685.507738790204
2016,DOLPA,6848.608833296412
2016,JUMLA,4824.436054500785
2016,KALIKOT,5668.654804757906
2016,MUGU,5098.067539538944
2016,HUMLA,6295.871781863014
2016,BAJURA,4281.167612391269
2016,BAJHANG,5745.0053128772815
2016,ACHHAM,4805.302703883318
2016,DOTI,4935.811822891502
2016,KAILALI,5091.752484448373
2016,KANCHANPUR,5252.240396426678
2016,DADELDHURA,4883.770956878042
2016,BAITADI,5214.7131831705265
2016,DARCHULA,6578.118057562185
2016,NAWALPARASI_E,5985.449685615218
2016,RUKUM_E,5869.154592496897
2017,TAPLEJUNG,4544.460473976129
2017,PANCHTHAR,4110.759171771676
2017,ILAM,5955.300558237753
2017,JHAPA,5876.046792529794
2017,MORANG,6472.670675750982
2017,SUNSARI,4396.01937403077
2017,DHANKUTA,4770.451344639653
2017,TERHATHUM,3360.515837474566
2017,SANKHUWASABHA,4607.528893939127
2017,BHOJPUR,5996.570510579448
2017,SOLUKHUMBU,4533.504620771802
2017,OKHALDHUNGA,5640.479795200824
2017,KHOTANG,4809.496894002189
2017,UDAYAPUR,5324.05702822156
2017,SAPTARI,3852.308610184333
2017,SIRAHA,5085.209449633901
2017,DHANUSHA,2008.8640290992766
2017,MAHOTTARI,4813.103841838015
2017,SARLAHI,3369.52675628486
2017,SINDHULI,6205.994516546816
2017,RAMECHHAP,5777.407352764511
2017,DOLAKHA,5466.670981966081
2017,SINDHUPALCHOK,6521.00622715938
2017,KABHREPALANCHOK,4051.0834791751627
2017,LALITPUR,6747.363197915558
2017,BHAKTAPUR,5932.191564260384
2017,KATHMANDU,4763.444712781054
2017,NUWAKOT,6135.6201471829445
2017,RASUWA,3893.7064875883657
2017,DHADING,4175.485838472327
2017,MAKAWANPUR,4391.4102767603
2017,RAUTAHAT,4471.022291935985
2017,BARA,3943.4423572397473
2017,PARSA,6223.0830670953255
2017,CHITAWAN,4741.145599630168
2017,GORKHA,5352.5049683568795
2017,LAMJUNG,4429.648633586319
2017,TANAHU,3179.396699451483
2017,SYANGJA,5270.057358391422
2017,KASKI,3087.745024580223
2017,MANANG,4931.365953914531
2017,MUSTANG,3631.6849611671896
2017,MYAGDI,6987.275999230808
2017,PARBAT,5911.362722174722
2017,BAGLUNG,5105.753791271481
2017,GULMI,6263.706677654669
2017,PALPA,4153.684022534264
2017,NAWALPARASI_W,5543.479378670093
2017,RUPANDEHI,5199.810433718713
2017,KAPILBASTU,5264.02008133367
2017,ARGHAKHANCHI,6272.353500106768
2017,PYUTHAN,5732.492102779803
2017,ROLPA,5288.723662825023
2017,RUKUM_W,3345.112563771704
2017,SALYAN,4039.9537047205363
2017,DANG,4877.291066404276
2017,BANKE,5093.3723742766515
2017,BARDIYA,3869.7962753260763
2017,SURKHET,7411.676675578421
2017,DAILEKH,6516.394055253573
2017,JAJARKOT,5602.118320392484
2017,DOLPA,5072.036861283745
2017,JUMLA,4787.791030098849
2017,KALIKOT,4048.0815399777644
2017,MUGU,5077.4805185188625
2017,HUMLA,5257.752540142751
2017,BAJURA,3758.239424518376
2017,BAJHANG,5334.1764172448975
2017,ACHHAM,4844.740951175251
2017,DOTI,3092.192442122609
2017,KAILALI,4139.614989220498
2017,KANCHANPUR,4586.394466578356
2017,DADELDHURA,6887.6876573401905
2017,BAITADI,5556.553124533758
2017,DARCHULA,3664.518430900109
2017,NAWALPARASI_E,5486.036289417637
2017,RUKUM_E,3452.6960110616346
2018,TAPLEJUNG,6082.691053887073
2018,PANCHTHAR,4528.875348182121
2018,ILAM,4906.36381126083
2018,JHAPA,6325.79664754219
2018,MORANG,3712.8364314157498
2018,SUNSARI,3602.8818148870087
2018,DHANKUTA,4416.400673653995
2018,TERHATHUM,6038.378851019317
2018,SANKHUWASABHA,3480.653924523158
2018,BHOJPUR,2167.844401889431
2018,SOLUKHUMBU,4548.841141591001
2018,OKHALDHUNGA,5551.74079991092
2018,KHOTANG,6200.261749738829
2018,UDAYAPUR,4536.838637914601
2018,SAPTARI,4588.573392883997
2018,SIRAHA,6153.900734255747
2018,DHANUSHA,3130.2583003045793
2018,MAHOTTARI,4611.479224816991
2018,SARLAHI,5190.423889925058
2018,SINDHULI,5449.218721285034
2018,RAMECHHAP,4490.1933068091175
2018,DOLAKHA,5034.441011705841
2018,SINDHUPALCHOK,2511.6726465870106
2018,KABHREPALANCHOK,4341.751587666152
2018,LALITPUR,5453.508712554468
2018,BHAKTAPUR,4017.7059657453206
2018,KATHMANDU,5058.984221589597
2018,NUWAKOT,5446.872500802698
2018,RASUWA,4657.450799142235
2018,DHADING,5170.463770996571
2018,MAKAWANPUR,4037.267434715388
2018,RAUTAHAT,4793.388720303953
2018,BARA,5610.216169589223
2018,PARSA,5156.972960968435
2018,CHITAWAN,4413.468730436064
2018,GORKHA,5224.216404290793
2018,LAMJUNG,5714.609790636618
2018,TANAHU,2950.058721422522
2018,SYANGJA,6159.0740649558975
2018,KASKI,4663.745261318928
2018,MANANG,5425.48993324023
2018,MUSTANG,6197.246923645228
2018,MYAGDI,3628.326302769534
2018,PARBAT,4290.558997572453
2018,BAGLUNG,4711.451304124295
2018,GULMI,4216.2464788755715
2018,PALPA,6734.9365758368085
2018,NAWALPARASI_W,4143.227906173207
2018,RUPANDEHI,4444.453220513134
2018,KAPILBASTU,5204.3890316029765
2018,ARGHAKHANCHI,3797.850473923911
2018,PYUTHAN,4604.319288243736
2018,ROLPA,5317.453261250175
2018,RUKUM_W,4667.139595617488
2018,SALYAN,4906.6131411000515
2018,DANG,4470.667887551629
2018,BANKE,3485.529690819233
2018,BARDIYA,5321.593211339238
2018,SURKHET,6754.933071647241
2018,DAILEKH,5018.401630783438
2018,JAJARKOT,5225.26411724755
2018,DOLPA,5692.72275511686
2018,JUMLA,3730.669503453301
2018,KALIKOT,6702.514658129606
2018,MUGU,5202.328796422802
2018,HUMLA,6631.856899089109
2018,BAJURA,4266.9670044760105
2018,BAJHANG,6818.061922557825
2018,ACHHAM,5775.155494034783
2018,DOTI,5553.040085852358
2018,KAILALI,5234.024454353148
2018,KANCHANPUR,4751.47138192555
2018,DADELDHURA,6200.531658473872
2018,BAITADI,5140.359869848047
2018,DARCHULA,3032.930296412848
2018,NAWALPARASI_E,3882.8135382929977
2018,RUKUM_E,4814.154247807252
2019,TAPLEJUNG,5309.998983165555
2019,PANCHTHAR,4943.411511100104
2019,ILAM,6218.970789793663
2019,JHAPA,3048.8981359613754
2019,MORANG,5143.5879365051605
2019,SUNSARI,3182.0207746128453
2019,DHANKUTA,5759.712295484169
2019,TERHATHUM,4905.541285557997
2019,SANKHUWASABHA,5419.609972024118
2019,BHOJPUR,4136.117039410234
2019,SOLUKHUMBU,6279.464931657751
2019,OKHALDHUNGA,6041.724664058851
2019,KHOTANG,5583.544303011888
2019,UDAYAPUR,4870.482753136559
2019,SAPTARI,5579.857285295132
2019,SIRAHA,4293.107432012651
2019,DHANUSHA,5855.5556590207125
2019,MAHOTTARI,6649.48089432392
2019,SARLAHI,6070.610559979186
2019,SINDHULI,4270.39753019259
2019,RAMECHHAP,5361.4173172731025
2019,DOLAKHA,3706.8584562413525
2019,SINDHUPALCHOK,5572.390311175675
2019,KABHREPALANCHOK,5450.603412862539
2019,LALITPUR,3130.1836604678356
2019,BHAKTAPUR,3838.216156087636
2019,KATHMANDU,4716.861103256233
2019,NUWAKOT,4699.140252859173
2019,RASUWA,3790.5230645811944
2019,DHADING,5388.978729352184
2019,MAKAWANPUR,5251.473608940512
2019,RAUTAHAT,4805.730868021481
2019,BARA,4244.208499841637
2019,PARSA,6048.707126416563
2019,CHITAWAN,6655.407113088295
2019,GORKHA,4516.438516153463
2019,LAMJUNG,4387.833082845179
2019,TANAHU,5491.2076654119965
2019,SYANGJA,4641.970620253014
2019,KASKI,4860.602799336766
2019,MANANG,5739.653151724671
2019,MUSTANG,3090.6439124927074
2019,MYAGDI,6318.30232485267
2019,PARBAT,5072.680524329341
2019,BAGLUNG,4588.5068554378195
2019,GULMI,4910.765845778551
2019,PALPA,4962.429355020518
2019,NAWALPARASI_W,3268.7986965550745
2019,RUPANDEHI,6494.938227453236
2019,KAPILBASTU,5041.325632270618
2019,ARGHAKHANCHI,5443.002130447375
2019,PYUTHAN,5951.549770574043
2019,ROLPA,3978.8375424397
2019,RUKUM_W,5473.4718990352285
2019,SALYAN,4732.358909101206
2019,DANG,5846.770775216493
2019,BANKE,2872.7725796485047
2019,BARDIYA,4900.905699758731
2019,SURKHET,4397.179344216039
2019,DAILEKH,5432.2629506341555
2019,JAJARKOT,5470.044187368202
2019,DOLPA,4292.374105177974
2019,JUMLA,4287.826135823956
2019,KALIKOT,4889.334631442671
2019,MUGU,4103.357772684792
2019,HUMLA,5841.983695452127
2019,BAJURA,4630.792799552554
2019,BAJHANG,2093.0117806783587
2019,ACHHAM,4625.177943378194
2019,DOTI,3961.4561791560277
2019,KAILALI,3368.7241845390545
2019,KANCHANPUR,3762.5733617774276
2019,DADELDHURA,5109.4084718329705
2019,BAITADI,6328.640828248232
2019,DARCHULA,5313.18447386498
2019,NAWALPARASI_E,4393.4966117842605
2019,RUKUM_E,5455.904195170702
2020,TAPLEJUNG,4540.909689781009
2020,PANCHTHAR,4305.399630836855
2020,ILAM,3845.637331767016
2020,JHAPA,3248.171193248281
2020,MORANG,4610.076293440555
2020,SUNSARI,5158.053489920132
2020,DHANKUTA,4903.376329985111
2020,TERHATHUM,4584.033072052642
2020,SANKHUWASABHA,4054.253939303219
2020,BHOJPUR,5608.246191684969
2020,SOLUKHUMBU,3682.868080053415
2020,OKHALDHUNGA,5776.027913843475
2020,KHOTANG,3997.782981073275
2020,UDAYAPUR,4247.564762646965
2020,SAPTARI,3533.214809384323
2020,SIRAHA,4498.597853114364
2020,DHANUSHA,5975.312458477979
2020,MAHOTTARI,5515.628088443957
2020,SARLAHI,5978.422112028035
2020,SINDHULI,5522.142545933936
2020,RAMECHHAP,3896.330171469631
2020,DOLAKHA,4669.210775672443
2020,SINDHUPALCHOK,4219.800870882537
2020,KABHREPALANCHOK,6330.57490403904
2020,LALITPUR,3803.2113535736885
2020,BHAKTAPUR,5893.697689389111
2020,KATHMANDU,5892.9538701087695
2020,NUWAKOT,6829.620201716087
2020,RASUWA,4590.313407370502
2020,DHADING,5712.322159580162
2020,MAKAWANPUR,7281.651836538843
2020,RAUTAHAT,4382.3583230663035
2020,BARA,3464.95975246764
2020,PARSA,3119.9899660922365
2020,CHITAWAN,5712.712028861331
2020,GORKHA,3116.8497919414162
2020,LAMJUNG,4627.680947062077
2020,TANAHU,5437.313187038961
2020,SYANGJA,5185.175536829914
2020,KASKI,5425.444864184172
2020,MANANG,5222.289855800854
2020,MUSTANG,6278.865813313393
2020,MYAGDI,4047.683619261203
2020,PARBAT,4323.004861541469
2020,BAGLUNG,4227.340554729176
2020,GULMI,5830.19181186261
2020,PALPA,5900.398588395064
2020,NAWALPARASI_W,5451.225319318508
2020,RUPANDEHI,6183.493666889928
2020,KAPILBASTU,3821.9591326236196
2020,ARGHAKHANCHI,6667.224111551137
2020,PYUTHAN,6523.2386217122585
2020,ROLPA,5735.621997245747
2020,RUKUM_W,6781.79890877106
2020,SALYAN,3343.3767923222263
2020,DANG,4475.551863737348
2020,BANKE,4264.696539318048
2020,BARDIYA,5721.479323757343
2020,SURKHET,3949.859260397854
2020,DAILEKH,5757.495149337486
2020,JAJARKOT,6370.536143996714
2020,DOLPA,5695.202900083999
2020,JUMLA,5283.751023661501
2020,KALIKOT,4012.126659099251
2020,MUGU,4153.149033874635
2020,HUMLA,6249.6189052966665
2020,BAJURA,5779.349003905332
2020,BAJHANG,4960.980480622456
2020,ACHHAM,4582.0904542341095
2020,DOTI,2974.192126888623
2020,KAILALI,3929.147581315561
2020,KANCHANPUR,6911.419087139723
2020,DADELDHURA,3719.544428997533
2020,BAITADI,5189.479821221081
2020,DARCHULA,6007.443973195199
2020,NAWALPARASI_E,3745.0773319977075
2020,RUKUM_E,5184.710474781084
