district,year,scenario,total_cereal_production
TAPLEJUNG,2030,RCP4.5,5037.843360412134
TAPLEJUNG,2030,RCP8.5,5071.412966059539
PANCHTHAR,2030,RCP4.5,5020.850301689915
PANCHTHAR,2030,RCP8.5,5076.490570610353
ILAM,2030,RCP4.5,5030.633317351129
ILAM,2030,RCP8.5,5010.766000758627
JHAPA,2030,RCP4.5,4999.022655431592
JHAPA,2030,RCP8.5,4982.7373294046
MORANG,2030,RCP4.5,5015.0336629246085
MORANG,2030,RCP8.5,4983.650200633184
SUNSARI,2030,RCP4.5,5056.317705908968
SUNSARI,2030,RCP8.5,5003.679986196198
DHANKUTA,2030,RCP4.5,5020.923936673186
DHANKUTA,2030,RCP8.5,5012.3771817593115
TERHATHUM,2030,RCP4.5,5012.150204854757
TERHATHUM,2030,RCP8.5,5051.6789301916715
SANKHUWASABHA,2030,RCP4.5,5009.877183787077
SANKHUWASABHA,2030,RCP8.5,5023.215335893673
BHOJPUR,2030,RCP4.5,4997.458833939281
BHOJPUR,2030,RCP8.5,5005.318313119229
SOLUKHUMBU,2030,RCP4.5,5048.713955545695
SOLUKHUMBU,2030,RCP8.5,5021.099781962869
OKHALDHUNGA,2030,RCP4.5,4985.826734422241
OKHALDHUNGA,2030,RCP8.5,5039.5893449422365
KHOTANG,2030,RCP4.5,5003.972256392861
KHOTANG,2030,RCP8.5,5028.647910125621
UDAYAPUR,2030,RCP4.5,5027.629628602438
UDAYAPUR,2030,RCP8.5,5068.19762709661
SAPTARI,2030,RCP4.5,5006.863364009012
SAPTARI,2030,RCP8.5,5054.498355663266
SIRAHA,2030,RCP4.5,5016.676272656442
SIRAHA,2030,RCP8.5,4983.612672178345
DHANUSHA,2030,RCP4.5,5072.6337719761505
DHANUSHA,2030,RCP8.5,5046.649945380675
MAHOTTARI,2030,RCP4.5,5025.46327496731
MAHOTTARI,2030,RCP8.5,5065.749355678825
SARLAHI,2030,RCP4.5,5058.947814731832
SARLAHI,2030,RCP8.5,4990.295742817227
SINDHULI,2030,RCP4.5,5026.297144831993
SINDHULI,2030,RCP8.5,4993.552068608265
RAMECHHAP,2030,RCP4.5,5032.319415073134
RAMECHHAP,2030,RCP8.5,5050.099830953593
DOLAKHA,2030,RCP4.5,5003.8645474092
DOLAKHA,2030,RCP8.5,5054.415001671917
SINDHUPALCHOK,2030,RCP4.5,5028.827701131078
SINDHUPALCHOK,2030,RCP8.5,5049.503344175605
KABHREPALANCHOK,2030,RCP4.5,5009.364135943732
KABHREPALANCHOK,2030,RCP8.5,4993.399821511721
LALITPUR,2030,RCP4.5,5041.219354323114
LALITPUR,2030,RCP8.5,5024.864780902578
BHAKTAPUR,2030,RCP4.5,4992.790215843289
BHAKTAPUR,2030,RCP8.5,5006.916182106756
KATHMANDU,2030,RCP4.5,5034.4188851780855
KATHMANDU,2030,RCP8.5,5071.6685736594245
NUWAKOT,2030,RCP4.5,5034.080768788544
NUWAKOT,2030,RCP8.5,4988.830864556204
RASUWA,2030,RCP4.5,5077.917064288046
RASUWA,2030,RCP8.5,5030.889912986732
DHADING,2030,RCP4.5,5007.34040866713
DHADING,2030,RCP8.5,5067.132756446811
MAKAWANPUR,2030,RCP4.5,5029.391153230222
MAKAWANPUR,2030,RCP8.5,5031.8495770529225
RAUTAHAT,2030,RCP4.5,5083.703778020924
RAUTAHAT,2030,RCP8.5,4997.916665037931
BARA,2030,RCP4.5,5022.6967055403775
BARA,2030,RCP8.5,4998.273392332322
PARSA,2030,RCP4.5,5017.01590213174
PARSA,2030,RCP8.5,5039.368013410262
CHITAWAN,2030,RCP4.5,5007.783180740399
CHITAWAN,2030,RCP8.5,5022.838522869415
GORKHA,2030,RCP4.5,5059.552961280288
GORKHA,2030,RCP8.5,4999.285590243162
LAMJUNG,2030,RCP4.5,5050.303543058863
LAMJUNG,2030,RCP8.5,4978.552434694155
TANAHU,2030,RCP4.5,5046.5889533198215
TANAHU,2030,RCP8.5,5040.937327970822
SYANGJA,2030,RCP4.5,5020.398146913184
SYANGJA,2030,RCP8.5,5021.784051863457
KASKI,2030,RCP4.5,5077.844530585499
KASKI,2030,RCP8.5,5016.845003406729
MANANG,2030,RCP4.5,5024.757698294315
MANANG,2030,RCP8.5,5037.754785253689
MUSTANG,2030,RCP4.5,5057.946051337948
MUSTANG,2030,RCP8.5,5082.095261581253
MYAGDI,2030,RCP4.5,5010.802056880926
MYAGDI,2030,RCP8.5,4995.302043156785
PARBAT,2030,RCP4.5,5034.979497775597
PARBAT,2030,RCP8.5,5050.562281784007
BAGLUNG,2030,RCP4.5,5057.863319678323
BAGLUNG,2030,RCP8.5,5075.074222740596
GULMI,2030,RCP4.5,5026.942670871084
GULMI,2030,RCP8.5,5016.0579916765955
PALPA,2030,RCP4.5,5038.982033417687
PALPA,2030,RCP8.5,5037.644483723174
NAWALPARASI_W,2030,RCP4.5,4983.932379275377
NAWALPARASI_W,2030,RCP8.5,5036.091208255735
RUPANDEHI,2030,RCP4.5,5011.053146566073
RUPANDEHI,2030,RCP8.5,5040.065562370361
KAPILBASTU,2030,RCP4.5,5014.680640751644
KAPILBASTU,2030,RCP8.5,5008.8089843435655
ARGHAKHANCHI,2030,RCP4.5,5048.162023926103
ARGHAKHANCHI,2030,RCP8.5,5071.593236188152
PYUTHAN,2030,RCP4.5,4983.804208692319
PYUTHAN,2030,RCP8.5,5049.593481762578
ROLPA,2030,RCP4.5,5113.611341897632
ROLPA,2030,RCP8.5,5062.498733290491
RUKUM_W,2030,RCP4.5,5062.258504123101
RUKUM_W,2030,RCP8.5,5036.977158622415
SALYAN,2030,RCP4.5,5009.609979536845
SALYAN,2030,RCP8.5,5020.653984150354
DANG,2030,RCP4.5,5042.947342818038
DANG,2030,RCP8.5,5012.982139807371
BANKE,2030,RCP4.5,5040.90320773809
BANKE,2030,RCP8.5,5010.16716650672
BARDIYA,2030,RCP4.5,5028.115326247412
BARDIYA,2030,RCP8.5,5018.106815979638
SURKHET,2030,RCP4.5,5018.77535507445
SURKHET,2030,RCP8.5,5085.699543851174
DAILEKH,2030,RCP4.5,4991.591300642455
DAILEKH,2030,RCP8.5,5031.544533273275
JAJARKOT,2030,RCP4.5,5011.506897852163
JAJARKOT,2030,RCP8.5,5056.033213005054
DOLPA,2030,RCP4.5,4998.885092229953
DOLPA,2030,RCP8.5,5006.9829168781525
JUMLA,2030,RCP4.5,5074.460056220489
JUMLA,2030,RCP8.5,5020.335562970252
KALIKOT,2030,RCP4.5,5093.722447745661
KALIKOT,2030,RCP8.5,4988.481488932121
MUGU,2030,RCP4.5,5043.086761369189
MUGU,2030,RCP8.5,5053.0413764933
HUMLA,2030,RCP4.5,5009.757744146985
HUMLA,2030,RCP8.5,4942.5099076090755
BAJURA,2030,RCP4.5,5001.32070241061
BAJURA,2030,RCP8.5,5036.084957141481
BAJHANG,2030,RCP4.5,5023.465671466057
BAJHANG,2030,RCP8.5,5032.006443370992
ACHHAM,2030,RCP4.5,5054.492329166658
ACHHAM,2030,RCP8.5,5017.529980191132
DOTI,2030,RCP4.5,5022.934310148393
DOTI,2030,RCP8.5,5023.361419833445
KAILALI,2030,RCP4.5,5045.002235082644
KAILALI,2030,RCP8.5,5038.754121005265
KANCHANPUR,2030,RCP4.5,5037.5722572302875
KANCHANPUR,2030,RCP8.5,5037.14966727647
DADELDHURA,2030,RCP4.5,5024.211580909052
DADELDHURA,2030,RCP8.5,5015.5540422687845
BAITADI,2030,RCP4.5,5033.942682429478
BAITADI,2030,RCP8.5,5023.5173419499115
DARCHULA,2030,RCP4.5,5054.628775798513
DARCHULA,2030,RCP8.5,5057.968341042696
NAWALPARASI_E,2030,RCP4.5,5002.335089039154
NAWALPARASI_E,2030,RCP8.5,5056.242524922284
RUKUM_E,2030,RCP4.5,5031.919034411157
RUKUM_E,2030,RCP8.5,5044.555922928002
TAPLEJUNG,2050,RCP4.5,5037.682393763917
TAPLEJUNG,2050,RCP8.5,5045.423056224452
PANCHTHAR,2050,RCP4.5,5062.649742023182
PANCHTHAR,2050,RCP8.5,5056.704814474483
ILAM,2050,RCP4.5,5038.442263334349
ILAM,2050,RCP8.5,5033.465246737952
JHAPA,2050,RCP4.5,5043.393955619151
JHAPA,2050,RCP8.5,5051.716843026116
MORANG,2050,RCP4.5,4986.3041069479195
MORANG,2050,RCP8.5,5068.200796451389
SUNSARI,2050,RCP4.5,5054.970647857888
SUNSARI,2050,RCP8.5,5011.986837228691
DHANKUTA,2050,RCP4.5,5018.9205337635285
DHANKUTA,2050,RCP8.5,5046.667805053715
TERHATHUM,2050,RCP4.5,5006.918423879321
TERHATHUM,2050,RCP8.5,5027.119083413183
SANKHUWASABHA,2050,RCP4.5,5017.660330230053
SANKHUWASABHA,2050,RCP8.5,5024.702560426067
BHOJPUR,2050,RCP4.5,5024.735509813177
BHOJPUR,2050,RCP8.5,4972.523114494181
SOLUKHUMBU,2050,RCP4.5,5011.181090095014
SOLUKHUMBU,2050,RCP8.5,5063.516594493203
OKHALDHUNGA,2050,RCP4.5,5044.9317606307495
OKHALDHUNGA,2050,RCP8.5,5009.857646136875
KHOTANG,2050,RCP4.5,5024.299854538866
KHOTANG,2050,RCP8.5,5020.2676650818
UDAYAPUR,2050,RCP4.5,5069.877588244051
UDAYAPUR,2050,RCP8.5,5034.5185632417915
SAPTARI,2050,RCP4.5,5036.894360284815
SAPTARI,2050,RCP8.5,5034.082616232244
SIRAHA,2050,RCP4.5,5017.564361015549
SIRAHA,2050,RCP8.5,5039.105734016087
DHANUSHA,2050,RCP4.5,5078.40111349034
DHANUSHA,2050,RCP8.5,5059.422495047047
MAHOTTARI,2050,RCP4.5,5051.720640849468
MAHOTTARI,2050,RCP8.5,5059.409670376628
SARLAHI,2050,RCP4.5,5001.3715837616655
SARLAHI,2050,RCP8.5,4975.1395557521355
SINDHULI,2050,RCP4.5,5017.2085845582515
SINDHULI,2050,RCP8.5,5071.728509641014
RAMECHHAP,2050,RCP4.5,5038.982541443102
RAMECHHAP,2050,RCP8.5,5019.819264224523
DOLAKHA,2050,RCP4.5,5037.307164564041
DOLAKHA,2050,RCP8.5,5044.827499943288
SINDHUPALCHOK,2050,RCP4.5,5020.124267967419
SINDHUPALCHOK,2050,RCP8.5,5050.191939579942
KABHREPALANCHOK,2050,RCP4.5,4985.694640354247
KABHREPALANCHOK,2050,RCP8.5,5030.186105626482
LALITPUR,2050,RCP4.5,5032.553113230145
LALITPUR,2050,RCP8.5,5004.32294203297
BHAKTAPUR,2050,RCP4.5,5042.3532418749555
BHAKTAPUR,2050,RCP8.5,5022.728200517468
KATHMANDU,2050,RCP4.5,5022.4037226983955
KATHMANDU,2050,RCP8.5,5021.954415778393
NUWAKOT,2050,RCP4.5,5064.543609742805
NUWAKOT,2050,RCP8.5,5054.962310986809
RASUWA,2050,RCP4.5,5106.101450980947
RASUWA,2050,RCP8.5,5042.37039372888
DHADING,2050,RCP4.5,5069.395685480342
DHADING,2050,RCP8.5,5022.104721592361
MAKAWANPUR,2050,RCP4.5,5018.901946575242
MAKAWANPUR,2050,RCP8.5,4966.090594266466
RAUTAHAT,2050,RCP4.5,5038.094552967553
RAUTAHAT,2050,RCP8.5,5061.797357910357
BARA,2050,RCP4.5,5037.89856338532
BARA,2050,RCP8.5,4992.756641827554
PARSA,2050,RCP4.5,5037.497478553186
PARSA,2050,RCP8.5,4984.559982061933
CHITAWAN,2050,RCP4.5,5015.689282826684
CHITAWAN,2050,RCP8.5,5019.051305990302
GORKHA,2050,RCP4.5,4999.454772151799
GORKHA,2050,RCP8.5,5045.929711464474
LAMJUNG,2050,RCP4.5,5019.181883475145
LAMJUNG,2050,RCP8.5,5003.1980491177455
TANAHU,2050,RCP4.5,5008.358664587436
TANAHU,2050,RCP8.5,4995.06187576111
SYANGJA,2050,RCP4.5,5071.615730578127
SYANGJA,2050,RCP8.5,5018.696494274809
KASKI,2050,RCP4.5,5023.629664676117
KASKI,2050,RCP8.5,5056.256444233007
MANANG,2050,RCP4.5,5008.240236146993
MANANG,2050,RCP8.5,4979.9944875935735
MUSTANG,2050,RCP4.5,5024.481684651832
MUSTANG,2050,RCP8.5,5058.656048921644
MYAGDI,2050,RCP4.5,5047.992927552183
MYAGDI,2050,RCP8.5,5114.29440546875
PARBAT,2050,RCP4.5,5009.430293737008
PARBAT,2050,RCP8.5,4999.662811195011
BAGLUNG,2050,RCP4.5,4987.560151196027
BAGLUNG,2050,RCP8.5,4995.328993265297
GULMI,2050,RCP4.5,5081.837032232713
GULMI,2050,RCP8.5,5056.979254805654
PALPA,2050,RCP4.5,5015.475070833623
PALPA,2050,RCP8.5,5071.008783240835
NAWALPARASI_W,2050,RCP4.5,5004.995216751969
NAWALPARASI_W,2050,RCP8.5,4984.880666554182
RUPANDEHI,2050,RCP4.5,5085.443747798288
RUPANDEHI,2050,RCP8.5,5010.771825334039
KAPILBASTU,2050,RCP4.5,5007.4199212340445
KAPILBASTU,2050,RCP8.5,5000.563941829186
ARGHAKHANCHI,2050,RCP4.5,5015.448837298179
ARGHAKHANCHI,2050,RCP8.5,5033.858903971218
PYUTHAN,2050,RCP4.5,5008.030139674207
PYUTHAN,2050,RCP8.5,5031.477468829668
ROLPA,2050,RCP4.5,5022.077044531963
ROLPA,2050,RCP8.5,5045.446331004528
RUKUM_W,2050,RCP4.5,5005.722629060806
RUKUM_W,2050,RCP8.5,5026.2034788962055
SALYAN,2050,RCP4.5,4980.189059727999
SALYAN,2050,RCP8.5,4996.289592153733
DANG,2050,RCP4.5,5018.450206841709
DANG,2050,RCP8.5,5011.070075051579
BANKE,2050,RCP4.5,5005.889071523352
BANKE,2050,RCP8.5,5016.544682177266
BARDIYA,2050,RCP4.5,5004.9998889415265
BARDIYA,2050,RCP8.5,5039.1960783745835
SURKHET,2050,RCP4.5,5026.157184597261
SURKHET,2050,RCP8.5,5067.425443517055
DAILEKH,2050,RCP4.5,4963.7414592072455
DAILEKH,2050,RCP8.5,5037.341707590779
JAJARKOT,2050,RCP4.5,5026.4378236569655
JAJARKOT,2050,RCP8.5,5028.0478174309455
DOLPA,2050,RCP4.5,5059.2008018887245
DOLPA,2050,RCP8.5,5028.422596808181
JUMLA,2050,RCP4.5,5011.8373625658905
JUMLA,2050,RCP8.5,5029.4314792741825
KALIKOT,2050,RCP4.5,5075.359272377814
KALIKOT,2050,RCP8.5,5041.127001111481
MUGU,2050,RCP4.5,5047.381177462729
MUGU,2050,RCP8.5,4967.810351020907
HUMLA,2050,RCP4.5,4984.635741583999
HUMLA,2050,RCP8.5,5061.239087378905
BAJURA,2050,RCP4.5,5032.789490544063
BAJURA,2050,RCP8.5,5004.65192739036
BAJHANG,2050,RCP4.5,5049.592443368564
BAJHANG,2050,RCP8.5,5020.080244077036
ACHHAM,2050,RCP4.5,5029.323966856378
ACHHAM,2050,RCP8.5,5085.226150183414
DOTI,2050,RCP4.5,5038.603551665687
DOTI,2050,RCP8.5,5003.594612419879
KAILALI,2050,RCP4.5,5031.214469263324
KAILALI,2050,RCP8.5,5021.653754710263
KANCHANPUR,2050,RCP4.5,5046.389333328208
KANCHANPUR,2050,RCP8.5,5041.108396978216
DADELDHURA,2050,RCP4.5,5006.042785079881
DADELDHURA,2050,RCP8.5,5027.087523923602
BAITADI,2050,RCP4.5,5028.442616299598
BAITADI,2050,RCP8.5,5072.860870075361
DARCHULA,2050,RCP4.5,5074.176514677143
DARCHULA,2050,RCP8.5,4989.605394613997
NAWALPARASI_E,2050,RCP4.5,5021.447404955665
NAWALPARASI_E,2050,RCP8.5,5041.732733468473
RUKUM_E,2050,RCP4.5,5014.692979710471
RUKUM_E,2050,RCP8.5,5082.435515700105
TAPLEJUNG,2070,RCP4.5,5046.118637562103
TAPLEJUNG,2070,RCP8.5,5043.410622714962
PANCHTHAR,2070,RCP4.5,5022.622407044929
PANCHTHAR,2070,RCP8.5,5093.698528383591
ILAM,2070,RCP4.5,5053.575259371231
ILAM,2070,RCP8.5,5006.256958801002
JHAPA,2070,RCP4.5,5051.963060205166
JHAPA,2070,RCP8.5,5022.924837200844
MORANG,2070,RCP4.5,5018.791245985561
MORANG,2070,RCP8.5,4976.906514450005
SUNSARI,2070,RCP4.5,5048.621383793298
SUNSARI,2070,RCP8.5,4977.93063985919
DHANKUTA,2070,RCP4.5,5054.68848957625
DHANKUTA,2070,RCP8.5,4995.404007513566
TERHATHUM,2070,RCP4.5,5019.880678195501
TERHATHUM,2070,RCP8.5,4972.142543815839
SANKHUWASABHA,2070,RCP4.5,5038.490706345197
SANKHUWASABHA,2070,RCP8.5,5088.877588867981
BHOJPUR,2070,RCP4.5,5003.649932765563
BHOJPUR,2070,RCP8.5,5083.763971136424
SOLUKHUMBU,2070,RCP4.5,5029.970626765442
SOLUKHUMBU,2070,RCP8.5,5030.577635832729
OKHALDHUNGA,2070,RCP4.5,5007.890689731501
OKHALDHUNGA,2070,RCP8.5,5018.244457871596
KHOTANG,2070,RCP4.5,5017.339646775211
KHOTANG,2070,RCP8.5,5052.302569354588
UDAYAPUR,2070,RCP4.5,4995.686995711445
UDAYAPUR,2070,RCP8.5,5015.909396303776
SAPTARI,2070,RCP4.5,5016.002177406013
SAPTARI,2070,RCP8.5,4985.259514937045
SIRAHA,2070,RCP4.5,5040.166501167099
SIRAHA,2070,RCP8.5,5072.645108493781
DHANUSHA,2070,RCP4.5,5023.801054604135
DHANUSHA,2070,RCP8.5,5027.537993997372
MAHOTTARI,2070,RCP4.5,5018.218137820898
MAHOTTARI,2070,RCP8.5,5017.117436688837
SARLAHI,2070,RCP4.5,5053.297366986906
SARLAHI,2070,RCP8.5,5043.5904442010515
SINDHULI,2070,RCP4.5,5019.314978280107
SINDHULI,2070,RCP8.5,5035.662944804502
RAMECHHAP,2070,RCP4.5,5013.278978492487
RAMECHHAP,2070,RCP8.5,5044.891610320342
DOLAKHA,2070,RCP4.5,5039.093673582109
DOLAKHA,2070,RCP8.5,4987.953772200456
SINDHUPALCHOK,2070,RCP4.5,5009.248703654029
SINDHUPALCHOK,2070,RCP8.5,5035.73862218762
KABHREPALANCHOK,2070,RCP4.5,5018.934577410597
KABHREPALANCHOK,2070,RCP8.5,5031.746307518379
LALITPUR,2070,RCP4.5,5026.356948713944
LALITPUR,2070,RCP8.5,5049.248582558745
BHAKTAPUR,2070,RCP4.5,5035.348896558998
BHAKTAPUR,2070,RCP8.5,5020.5608788054415
KATHMANDU,2070,RCP4.5,5004.226961566792
KATHMANDU,2070,RCP8.5,5015.224043475412
NUWAKOT,2070,RCP4.5,5030.211002455936
NUWAKOT,2070,RCP8.5,5036.1382490301785
RASUWA,2070,RCP4.5,5004.223082077103
RASUWA,2070,RCP8.5,5014.777199685411
DHADING,2070,RCP4.5,5006.456871013239
DHADING,2070,RCP8.5,5059.495127511074
MAKAWANPUR,2070,RCP4.5,5054.01776403328
MAKAWANPUR,2070,RCP8.5,5082.946894764
RAUTAHAT,2070,RCP4.5,4967.726736738698
RAUTAHAT,2070,RCP8.5,5016.703422985446
BARA,2070,RCP4.5,5027.181361000378
BARA,2070,RCP8.5,5018.800738570912
PARSA,2070,RCP4.5,4990.8632558681165
PARSA,2070,RCP8.5,4984.479317825887
CHITAWAN,2070,RCP4.5,5029.768026539727
CHITAWAN,2070,RCP8.5,5059.192045049986
GORKHA,2070,RCP4.5,5043.875954190437
GORKHA,2070,RCP8.5,5024.587709988318
LAMJUNG,2070,RCP4.5,5020.4841138678685
LAMJUNG,2070,RCP8.5,5080.555107953314
TANAHU,2070,RCP4.5,5040.727976778549
TANAHU,2070,RCP8.5,5061.912140363513
SYANGJA,2070,RCP4.5,5051.349083518534
SYANGJA,2070,RCP8.5,5033.26705887515
KASKI,2070,RCP4.5,5061.644678689502
KASKI,2070,RCP8.5,5012.44596305754
MANANG,2070,RCP4.5,5010.356927255444
MANANG,2070,RCP8.5,5039.367631569627
MUSTANG,2070,RCP4.5,5008.604583784332
MUSTANG,2070,RCP8.5,5048.621025815373
MYAGDI,2070,RCP4.5,5062.180540950299
MYAGDI,2070,RCP8.5,5055.186155815129
PARBAT,2070,RCP4.5,4997.305051904772
PARBAT,2070,RCP8.5,5042.037155128211
BAGLUNG,2070,RCP4.5,5011.661513489009
BAGLUNG,2070,RCP8.5,5026.626615053369
GULMI,2070,RCP4.5,5042.188392537628
GULMI,2070,RCP8.5,5030.340070915852
PALPA,2070,RCP4.5,5039.879943176699
PALPA,2070,RCP8.5,5022.454377062505
NAWALPARASI_W,2070,RCP4.5,5015.271277748621
NAWALPARASI_W,2070,RCP8.5,5024.760837148871
RUPANDEHI,2070,RCP4.5,5039.323915253199
RUPANDEHI,2070,RCP8.5,5017.001705747357
KAPILBASTU,2070,RCP4.5,5063.907402601471
KAPILBASTU,2070,RCP8.5,5022.562738485689
ARGHAKHANCHI,2070,RCP4.5,5052.488847749537
ARGHAKHANCHI,2070,RCP8.5,5051.025195316028
PYUTHAN,2070,RCP4.5,5046.013103409046
PYUTHAN,2070,RCP8.5,5070.090297335694
ROLPA,2070,RCP4.5,5048.336119960454
ROLPA,2070,RCP8.5,5052.125261167185
RUKUM_W,2070,RCP4.5,5016.085853983241
RUKUM_W,2070,RCP8.5,4983.909185450418
SALYAN,2070,RCP4.5,4994.775106817259
SALYAN,2070,RCP8.5,5032.893404248205
DANG,2070,RCP4.5,5043.486847100704
DANG,2070,RCP8.5,5045.594680295485
BANKE,2070,RCP4.5,5041.856361760934
BANKE,2070,RCP8.5,5013.091238148817
BARDIYA,2070,RCP4.5,5042.896708556587
BARDIYA,2070,RCP8.5,5081.5754799799115
SURKHET,2070,RCP4.5,5006.859239162448
SURKHET,2070,RCP8.5,5005.7528609775945
DAILEKH,2070,RCP4.5,5039.356431642147
DAILEKH,2070,RCP8.5,5047.916453319412
JAJARKOT,2070,RCP4.5,5021.751425850977
JAJARKOT,2070,RCP8.5,5029.67422962878
DOLPA,2070,RCP4.5,5005.720886826959
DOLPA,2070,RCP8.5,5095.258492348768
JUMLA,2070,RCP4.5,5010.084295562942
JUMLA,2070,RCP8.5,5041.445601478745
KALIKOT,2070,RCP4.5,5081.788096054044
KALIKOT,2070,RCP8.5,5010.4347959087745
MUGU,2070,RCP4.5,4987.678039806897
MUGU,2070,RCP8.5,5062.399566677235
HUMLA,2070,RCP4.5,5023.61199988466
HUMLA,2070,RCP8.5,5051.296526425044
BAJURA,2070,RCP4.5,5072.600445837817
BAJURA,2070,RCP8.5,5038.746246376683
BAJHANG,2070,RCP4.5,5079.184731707922
BAJHANG,2070,RCP8.5,5034.532734453548
ACHHAM,2070,RCP4.5,5063.349120843082
ACHHAM,2070,RCP8.5,5055.815432721884
DOTI,2070,RCP4.5,5074.381878861185
DOTI,2070,RCP8.5,5070.154600978355
KAILALI,2070,RCP4.5,5029.436810343626
KAILALI,2070,RCP8.5,5038.820847172052
KANCHANPUR,2070,RCP4.5,5030.3654258431425
KANCHANPUR,2070,RCP8.5,5053.935926161566
DADELDHURA,2070,RCP4.5,5034.983781471283
DADELDHURA,2070,RCP8.5,5015.038080206814
BAITADI,2070,RCP4.5,5084.407814625776
BAITADI,2070,RCP8.5,5026.9359623456985
DARCHULA,2070,RCP4.5,5065.114355193846
DARCHULA,2070,RCP8.5,5032.480726872429
NAWALPARASI_E,2070,RCP4.5,5046.289551802089
NAWALPARASI_E,2070,RCP8.5,5023.582343612875
RUKUM_E,2070,RCP4.5,5033.049049883825
RUKUM_E,2070,RCP8.5,5018.727090938753
TAPLEJUNG,2100,RCP4.5,5026.189382139067
TAPLEJUNG,2100,RCP8.5,5024.704704925367
PANCHTHAR,2100,RCP4.5,5061.4151655434225
PANCHTHAR,2100,RCP8.5,5053.190509973132
ILAM,2100,RCP4.5,4958.52390735026
ILAM,2100,RCP8.5,5028.846580078861
JHAPA,2100,RCP4.5,5022.303585048796
JHAPA,2100,RCP8.5,5023.599093269408
MORANG,2100,RCP4.5,5020.021721140904
MORANG,2100,RCP8.5,5040.822818592707
SUNSARI,2100,RCP4.5,5048.2834576647065
SUNSARI,2100,RCP8.5,4984.430810841748
DHANKUTA,2100,RCP4.5,5033.786552944189
DHANKUTA,2100,RCP8.5,5030.828707559259
TERHATHUM,2100,RCP4.5,5031.410845771731
TERHATHUM,2100,RCP8.5,5048.5881912399545
SANKHUWASABHA,2100,RCP4.5,5045.884065959225
SANKHUWASABHA,2100,RCP8.5,5049.4822572413705
BHOJPUR,2100,RCP4.5,5068.594840104179
BHOJPUR,2100,RCP8.5,5046.664613561003
SOLUKHUMBU,2100,RCP4.5,5055.47574757096
SOLUKHUMBU,2100,RCP8.5,5049.157772336725
OKHALDHUNGA,2100,RCP4.5,5002.276444892512
OKHALDHUNGA,2100,RCP8.5,5018.986229544693
KHOTANG,2100,RCP4.5,5035.271804173788
KHOTANG,2100,RCP8.5,4984.229200251389
UDAYAPUR,2100,RCP4.5,4974.955960623937
UDAYAPUR,2100,RCP8.5,5010.651519228977
SAPTARI,2100,RCP4.5,5054.496772110333
SAPTARI,2100,RCP8.5,5008.201810777954
SIRAHA,2100,RCP4.5,5008.181443335175
SIRAHA,2100,RCP8.5,5076.992154034055
DHANUSHA,2100,RCP4.5,5026.0548166940225
DHANUSHA,2100,RCP8.5,4994.951465561945
MAHOTTARI,2100,RCP4.5,5012.1202329592725
MAHOTTARI,2100,RCP8.5,5003.073608919631
SARLAHI,2100,RCP4.5,5079.584861451595
SARLAHI,2100,RCP8.5,5028.140512018229
SINDHULI,2100,RCP4.5,5076.671061801771
SINDHULI,2100,RCP8.5,5018.208245297518
RAMECHHAP,2100,RCP4.5,5052.073632471447
RAMECHHAP,2100,RCP8.5,5059.7832828421415
DOLAKHA,2100,RCP4.5,5041.828803737777
DOLAKHA,2100,RCP8.5,5060.288098118484
SINDHUPALCHOK,2100,RCP4.5,5060.22747186195
SINDHUPALCHOK,2100,RCP8.5,5068.988798972916
KABHREPALANCHOK,2100,RCP4.5,5007.46500621607
KABHREPALANCHOK,2100,RCP8.5,5030.547471729388
LALITPUR,2100,RCP4.5,5030.160892381101
LALITPUR,2100,RCP8.5,5069.149840742139
BHAKTAPUR,2100,RCP4.5,5074.264568873268
BHAKTAPUR,2100,RCP8.5,5032.246492340104
KATHMANDU,2100,RCP4.5,5023.561565046409
KATHMANDU,2100,RCP8.5,4992.324947064119
NUWAKOT,2100,RCP4.5,5050.655008227093
NUWAKOT,2100,RCP8.5,5048.884181440945
RASUWA,2100,RCP4.5,4977.0134969809
RASUWA,2100,RCP8.5,5053.631180142337
DHADING,2100,RCP4.5,5056.448700273819
DHADING,2100,RCP8.5,5050.869462264162
MAKAWANPUR,2100,RCP4.5,5043.242772924324
MAKAWANPUR,2100,RCP8.5,5012.963300049641
RAUTAHAT,2100,RCP4.5,5086.877680473329
RAUTAHAT,2100,RCP8.5,5023.6715781030125
BARA,2100,RCP4.5,5045.323270780408
BARA,2100,RCP8.5,5005.07192605892
PARSA,2100,RCP4.5,5051.758195361034
PARSA,2100,RCP8.5,5033.481143144239
CHITAWAN,2100,RCP4.5,4992.36025260052
CHITAWAN,2100,RCP8.5,5020.190724801627
GORKHA,2100,RCP4.5,5001.458319293319
GORKHA,2100,RCP8.5,5024.222934698704
LAMJUNG,2100,RCP4.5,5026.966786160692
LAMJUNG,2100,RCP8.5,5037.22605255634
TANAHU,2100,RCP4.5,5007.4979480016555
TANAHU,2100,RCP8.5,5040.558179455378
SYANGJA,2100,RCP4.5,4989.715779014441
SYANGJA,2100,RCP8.5,5076.424678887595
KASKI,2100,RCP4.5,5016.29730235883
KASKI,2100,RCP8.5,5061.736851183837
MANANG,2100,RCP4.5,5046.194002579261
MANANG,2100,RCP8.5,5055.10207812056
MUSTANG,2100,RCP4.5,5021.047067034207
MUSTANG,2100,RCP8.5,5026.99929536273
MYAGDI,2100,RCP4.5,5046.2330347757315
MYAGDI,2100,RCP8.5,5042.883980055892
PARBAT,2100,RCP4.5,4994.025822982989
PARBAT,2100,RCP8.5,5054.76927454358
BAGLUNG,2100,RCP4.5,4996.1600901104475
BAGLUNG,2100,RCP8.5,5069.934175464138
GULMI,2100,RCP4.5,5033.513829097235
GULMI,2100,RCP8.5,5022.020426561101
PALPA,2100,RCP4.5,5053.334345236299
PALPA,2100,RCP8.5,5029.335917264391
NAWALPARASI_W,2100,RCP4.5,5057.573725818735
NAWALPARASI_W,2100,RCP8.5,5039.208215921583
RUPANDEHI,2100,RCP4.5,5078.974031820382
RUPANDEHI,2100,RCP8.5,5053.213252196449
KAPILBASTU,2100,RCP4.5,5075.523920498239
KAPILBASTU,2100,RCP8.5,5020.8673285813675
ARGHAKHANCHI,2100,RCP4.5,5042.414094490764
ARGHAKHANCHI,2100,RCP8.5,5021.228556159991
PYUTHAN,2100,RCP4.5,5035.014751514293
PYUTHAN,2100,RCP8.5,5043.834996115565
ROLPA,2100,RCP4.5,5072.225070035966
ROLPA,2100,RCP8.5,5042.328895282348
RUKUM_W,2100,RCP4.5,5031.656834815682
RUKUM_W,2100,RCP8.5,5054.844027584057
SALYAN,2100,RCP4.5,5049.941935324458
SALYAN,2100,RCP8.5,5028.444741704873
DANG,2100,RCP4.5,5026.836092571641
DANG,2100,RCP8.5,4979.215594133038
BANKE,2100,RCP4.5,5047.260643804976
BANKE,2100,RCP8.5,4967.919807911208
BARDIYA,2100,RCP4.5,4991.8717750854175
BARDIYA,2100,RCP8.5,5082.373579571747
SURKHET,2100,RCP4.5,5058.389195711575
SURKHET,2100,RCP8.5,5043.447827597365
DAILEKH,2100,RCP4.5,5021.491900397946
DAILEKH,2100,RCP8.5,4969.244137288848
JAJARKOT,2100,RCP4.5,5097.4637631777005
JAJARKOT,2100,RCP8.5,5068.59668315166
DOLPA,2100,RCP4.5,5058.61206494474
DOLPA,2100,RCP8.5,5050.266254772954
JUMLA,2100,RCP4.5,5031.119181257885
JUMLA,2100,RCP8.5,5008.226112315413
KALIKOT,2100,RCP4.5,4993.1121353171875
KALIKOT,2100,RCP8.5,4987.8080067468445
MUGU,2100,RCP4.5,5060.167829356435
MUGU,2100,RCP8.5,5018.599994880078
HUMLA,2100,RCP4.5,5027.350252920485
HUMLA,2100,RCP8.5,5004.537670182513
BAJURA,2100,RCP4.5,5023.271694664037
BAJURA,2100,RCP8.5,5006.179865536137
BAJHANG,2100,RCP4.5,5023.685414395843
BAJHANG,2100,RCP8.5,5004.419233178151
ACHHAM,2100,RCP4.5,5040.165206220949
ACHHAM,2100,RCP8.5,5059.60871704276
DOTI,2100,RCP4.5,5024.6270617129485
DOTI,2100,RCP8.5,5041.992721352438
KAILALI,2100,RCP4.5,5031.91868837919
KAILALI,2100,RCP8.5,5002.0857484853395
KANCHANPUR,2100,RCP4.5,5034.049379849101
KANCHANPUR,2100,RCP8.5,4990.2628542146995
DADELDHURA,2100,RCP4.5,5032.118227778265
DADELDHURA,2100,RCP8.5,5046.631831276374
BAITADI,2100,RCP4.5,5021.4167727375425
BAITADI,2100,RCP8.5,5052.357716926525
DARCHULA,2100,RCP4.5,5011.319658715823
DARCHULA,2100,RCP8.5,5050.171383122528
NAWALPARASI_E,2100,RCP4.5,5023.835836267557
NAWALPARASI_E,2100,RCP8.5,5027.323065539942
RUKUM_E,2100,RCP4.5,5091.914601602881
RUKUM_E,2100,RCP8.5,4991.734511350419
